id,active_connections,messages_per_second,message_size,bytes_per_second,average_message_size,connection_rate,reconnection_rate,cpu_usage,memory_usage,network_bytes_sent,network_bytes_received,scenario,label,experiment_id,collected_at,statistical_classification,violated_features,risk_score,risk_level,recommended_action
1,30,0.0,0,,,,,1.5,54.9,212232192,4085316608,baseline,,,2026-10-04 14:54:40,normal,,0,low,allow
2,30,0.0,0,,,,,9.2,55.1,212242432,4085336064,baseline,,,2026-10-04 14:54:46,normal,,0,low,allow
3,30,0.0,0,,,,,6.2,55.0,212244480,4085338112,baseline,,,2026-10-04 14:54:47,normal,,0,low,allow
4,30,0.0,0,,,,,5.9,55.0,212245504,4085340160,baseline,,,2026-10-04 14:54:48,normal,,0,low,allow
5,30,0.0,0,,,,,10.1,55.0,212246528,4085341184,baseline,,,2026-10-04 14:54:49,normal,,0,low,allow
6,30,0.0,0,,,,,4.9,54.9,212247552,4085343232,baseline,,,2026-10-04 14:54:50,normal,,0,low,allow
7,33,0.0,0,,,,,5.9,55.2,212641792,4085647360,baseline,,,2026-10-04 14:56:00,normal,,0,low,allow
8,33,0.0,0,,,,,11.0,54.7,212645888,4085652480,baseline,,,2026-10-04 14:56:01,normal,,0,low,allow
9,33,0.0,0,,,,,10.2,55.0,212651008,4085657600,baseline,,,2026-10-04 14:56:02,normal,,0,low,allow
10,33,0.0,0,,,,,5.9,55.0,212652032,4085659648,baseline,,,2026-10-04 14:56:03,normal,,0,low,allow
11,33,0.0,0,,,,,8.2,55.0,212656128,4085664768,baseline,,,2026-10-04 14:56:04,normal,,0,low,allow
12,33,0.0,0,,,,,2.5,55.0,212657152,4085665792,baseline,,,2026-10-04 14:56:05,normal,,0,low,allow
13,33,0.0,0,,,,,4.0,55.0,212662272,4085670912,baseline,,,2026-10-04 14:56:06,normal,,0,low,allow
14,33,0.0,0,,,,,5.5,55.0,212663296,4085671936,baseline,,,2026-10-04 14:56:07,normal,,0,low,allow
15,33,0.0,0,,,,,9.0,55.1,212669440,4085678080,baseline,,,2026-10-04 14:56:08,normal,,0,low,allow
16,33,0.0,0,,,,,18.3,55.8,212670464,4085679104,baseline,,,2026-10-04 14:56:10,normal,,0,low,allow
17,33,0.0,0,,,,,8.6,55.8,212674560,4085684224,baseline,,,2026-10-04 14:56:11,normal,,0,low,allow
18,33,0.0,0,,,,,7.9,55.9,212675584,4085685248,baseline,,,2026-10-04 14:56:12,normal,,0,low,allow
19,33,0.0,0,,,,,15.8,55.8,212688896,4085698560,baseline,,,2026-10-04 14:56:13,normal,,0,low,allow
20,33,0.0,0,,,,,5.4,55.8,212689920,4085700608,baseline,,,2026-10-04 14:56:14,normal,,0,low,allow
21,33,0.0,0,,,,,3.9,55.7,212704256,4085707776,baseline,,,2026-10-04 14:56:15,normal,,0,low,allow
22,33,0.0,0,,,,,22.0,55.4,212707328,4085709824,baseline,,,2026-10-04 14:56:16,normal,,0,low,allow
23,33,0.0,0,,,,,8.8,55.3,212714496,4085721088,baseline,,,2026-10-04 14:56:17,normal,,0,low,allow
24,33,0.0,0,,,,,21.2,55.3,212719616,4085727232,baseline,,,2026-10-04 14:56:18,normal,,0,low,allow
25,33,0.0,0,,,,,7.8,54.8,212725760,4085728256,baseline,,,2026-10-04 14:56:19,normal,,0,low,allow
26,33,0.0,0,,,,,7.4,55.2,212729856,4085733376,baseline,,,2026-10-04 14:56:20,normal,,0,low,allow
27,33,0.0,0,,,,,3.0,55.2,212730880,4085734400,baseline,,,2026-10-04 14:56:21,normal,,0,low,allow
28,33,0.0,0,,,,,2.9,55.2,212732928,4085737472,baseline,,,2026-10-04 14:56:22,normal,,0,low,allow
29,33,0.0,0,,,,,2.4,55.2,212733952,4085738496,baseline,,,2026-10-04 14:56:24,normal,,0,low,allow
30,33,0.0,0,,,,,12.4,55.1,212736000,4085740544,baseline,,,2026-10-04 14:56:25,normal,,0,low,allow
31,33,0.0,0,,,,,9.8,55.3,212737024,4085741568,baseline,,,2026-10-04 14:56:26,normal,,0,low,allow
32,33,0.0,0,,,,,9.3,54.7,212739072,4085743616,baseline,,,2026-10-04 14:56:27,normal,,0,low,allow
33,33,0.0,0,,,,,8.3,54.6,212740096,4085744640,baseline,,,2026-10-04 14:56:28,normal,,0,low,allow
34,33,0.0,0,,,,,3.5,55.3,212745216,4085747712,baseline,,,2026-10-04 14:56:29,normal,,0,low,allow
35,33,0.0,0,,,,,1.5,54.8,212746240,4085749760,baseline,,,2026-10-04 14:56:30,normal,,0,low,allow
36,33,0.0,0,,,,,5.4,55.3,212747264,4085750784,baseline,,,2026-10-04 14:56:31,normal,,0,low,allow
37,33,0.0,0,,,,,5.9,54.8,212748288,4085752832,baseline,,,2026-10-04 14:56:32,normal,,0,low,allow
38,33,0.0,0,,,,,7.8,54.8,212763648,4085758976,baseline,,,2026-10-04 14:56:33,normal,,0,low,allow
39,33,0.0,0,,,,,9.8,55.2,212764672,4085762048,baseline,,,2026-10-04 14:56:34,normal,,0,low,allow
40,33,0.0,0,,,,,7.8,55.2,212765696,4085764096,baseline,,,2026-10-04 14:56:35,normal,,0,low,allow
41,33,0.0,0,,,,,5.4,55.2,212767744,4085765120,baseline,,,2026-10-04 14:56:36,normal,,0,low,allow
42,33,0.0,0,,,,,3.9,55.2,212768768,4085767168,baseline,,,2026-10-04 14:56:37,normal,,0,low,allow
43,33,0.0,0,,,,,1.5,54.8,212783104,4085772288,baseline,,,2026-10-04 14:56:39,normal,,0,low,allow
44,33,0.0,0,,,,,4.9,54.8,212784128,4085773312,baseline,,,2026-10-04 14:56:40,normal,,0,low,allow
45,33,0.0,0,,,,,4.9,54.8,212785152,4085774336,baseline,,,2026-10-04 14:56:41,normal,,0,low,allow
46,33,0.0,0,,,,,11.2,55.2,212787200,4085775360,baseline,,,2026-10-04 14:56:42,normal,,0,low,allow
47,33,0.0,0,,,,,10.3,55.2,212789248,4085778432,baseline,,,2026-10-04 14:56:43,normal,,0,low,allow
48,33,0.0,0,,,,,7.8,55.2,212790272,4085779456,baseline,,,2026-10-04 14:56:44,normal,,0,low,allow
49,33,0.0,0,,,,,6.3,55.2,212791296,4085781504,baseline,,,2026-10-04 14:56:45,normal,,0,low,allow
50,33,0.0,0,,,,,2.9,55.4,212792320,4085782528,baseline,,,2026-10-04 14:56:46,normal,,0,low,allow
51,33,0.0,0,,,,,1.5,54.8,212794368,4085785600,baseline,,,2026-10-04 14:56:47,normal,,0,low,allow
52,33,0.0,0,,,,,3.5,54.8,212795392,4085786624,baseline,,,2026-10-04 14:56:48,normal,,0,low,allow
53,33,0.0,0,,,,,7.3,55.3,212797440,4085788672,baseline,,,2026-10-04 14:56:49,normal,,0,low,allow
54,33,0.0,0,,,,,10.7,54.8,212798464,4085789696,baseline,,,2026-10-04 14:56:50,normal,,0,low,allow
55,33,0.0,0,,,,,9.3,54.7,212800512,4085791744,baseline,,,2026-10-04 14:56:51,normal,,0,low,allow
56,33,0.0,0,,,,,6.9,55.2,212801536,4085793792,baseline,,,2026-10-04 14:56:52,normal,,0,low,allow
57,33,0.0,0,,,,,5.8,55.2,212803584,4085796864,baseline,,,2026-10-04 14:56:53,normal,,0,low,allow
58,33,0.0,0,,,,,7.3,55.1,212804608,4085797888,baseline,,,2026-10-04 14:56:55,normal,,0,low,allow
59,33,0.0,0,,,,,7.2,54.9,212805632,4085798912,baseline,,,2026-10-04 14:56:56,normal,,0,low,allow
60,33,0.0,0,,,,,8.0,55.3,212806656,4085800960,baseline,,,2026-10-04 14:56:57,normal,,0,low,allow
61,33,0.0,0,,,,,8.7,55.3,212809728,4085803008,baseline,,,2026-10-04 14:56:58,normal,,0,low,allow
62,33,0.0,0,,,,,10.3,54.6,212810752,4085805056,baseline,,,2026-10-04 14:56:59,normal,,0,low,allow
63,33,0.0,0,,,,,6.4,55.6,212811776,4085806080,baseline,,,2026-10-04 14:57:00,normal,,0,low,allow
64,33,0.0,0,,,,,3.4,54.9,212813824,4085808128,baseline,,,2026-10-04 14:57:01,normal,,0,low,allow
65,33,0.0,0,,,,,9.8,54.6,212815872,4085811200,baseline,,,2026-10-04 14:57:02,normal,,0,low,allow
66,33,0.0,0,,,,,7.2,55.5,212816896,4085812224,baseline,,,2026-10-04 14:57:03,normal,,0,low,allow
67,33,0.0,0,,,,,8.3,55.3,212817920,4085813248,baseline,,,2026-10-04 14:57:04,normal,,0,low,allow
68,33,0.0,0,,,,,10.2,54.7,212819968,4085816320,baseline,,,2026-10-04 14:57:05,normal,,0,low,allow
69,33,0.0,0,,,,,6.9,54.6,212820992,4085817344,baseline,,,2026-10-04 14:57:06,normal,,0,low,allow
70,33,0.0,0,,,,,5.4,54.5,212822016,4085819392,baseline,,,2026-10-04 14:57:07,normal,,0,low,allow
71,33,0.0,0,,,,,3.4,54.4,212823040,4085820416,baseline,,,2026-10-04 14:57:09,normal,,0,low,allow
72,33,0.0,0,,,,,1.0,54.4,212824064,4085822464,baseline,,,2026-10-04 14:57:10,normal,,0,low,allow
73,33,0.0,0,,,,,3.9,54.2,212826112,4085824512,baseline,,,2026-10-04 14:57:11,normal,,0,low,allow
74,33,0.0,0,,,,,6.4,54.2,212827136,4085826560,baseline,,,2026-10-04 14:57:12,normal,,0,low,allow
75,33,0.0,0,,,,,8.3,54.9,212828160,4085827584,baseline,,,2026-10-04 14:57:13,normal,,0,low,allow
76,33,0.0,0,,,,,10.7,54.8,212829184,4085828608,baseline,,,2026-10-04 14:57:14,normal,,0,low,allow
77,33,0.0,0,,,,,8.8,55.0,212830208,4085829632,baseline,,,2026-10-04 14:57:15,normal,,0,low,allow
78,33,0.0,0,,,,,7.4,55.1,212834304,4085833728,baseline,,,2026-10-04 14:57:16,normal,,0,low,allow
79,33,0.0,0,,,,,4.8,54.5,212836352,4085835776,baseline,,,2026-10-04 14:57:17,normal,,0,low,allow
80,33,0.0,0,,,,,3.5,55.1,212837376,4085836800,baseline,,,2026-10-04 14:57:18,normal,,0,low,allow
81,33,0.0,0,,,,,2.9,55.1,212840448,4085839872,baseline,,,2026-10-04 14:57:19,normal,,0,low,allow
82,33,0.0,0,,,,,5.3,55.1,212841472,4085841920,baseline,,,2026-10-04 14:57:20,normal,,0,low,allow
83,33,0.0,0,,,,,7.9,54.8,212842496,4085842944,baseline,,,2026-10-04 14:57:21,normal,,0,low,allow
84,33,0.0,0,,,,,12.3,54.7,212846592,4085847040,baseline,,,2026-10-04 14:57:22,normal,,0,low,allow
85,33,0.0,0,,,,,9.8,54.7,212847616,4085848064,baseline,,,2026-10-04 14:57:24,normal,,0,low,allow
86,33,0.0,0,,,,,11.1,55.0,212848640,4085850112,baseline,,,2026-10-04 14:57:25,normal,,0,low,allow
87,33,0.0,0,,,,,5.9,55.0,212849664,4085851136,baseline,,,2026-10-04 14:57:26,normal,,0,low,allow
88,33,0.0,0,,,,,3.0,55.0,212851712,4085854208,baseline,,,2026-10-04 14:57:27,normal,,0,low,allow
89,33,0.0,0,,,,,6.9,55.1,212852736,4085855232,baseline,,,2026-10-04 14:57:28,normal,,0,low,allow
90,33,0.0,0,,,,,11.7,55.5,212853760,4085857280,baseline,,,2026-10-04 14:57:29,normal,,0,low,allow
91,33,0.0,0,,,,,11.1,55.4,212854784,4085858304,baseline,,,2026-10-04 14:57:30,normal,,0,low,allow
92,33,0.0,0,,,,,9.6,54.7,212862976,4085868544,baseline,,,2026-10-04 14:57:31,normal,,0,low,allow
93,33,0.0,0,,,,,4.9,55.3,212864000,4085869568,baseline,,,2026-10-04 14:57:32,normal,,0,low,allow
94,33,0.0,0,,,,,11.7,55.2,212868096,4085873664,baseline,,,2026-10-04 14:57:33,normal,,0,low,allow
95,33,0.0,0,,,,,1.0,55.5,212880384,4085876736,baseline,,,2026-10-04 14:57:34,normal,,0,low,allow
96,33,0.0,0,,,,,11.7,55.3,212881408,4085880832,baseline,,,2026-10-04 14:57:35,normal,,0,low,allow
97,33,0.0,0,,,,,5.9,55.4,212883456,4085881856,baseline,,,2026-10-04 14:57:36,normal,,0,low,allow
98,33,0.0,0,,,,,10.8,55.4,212884480,4085883904,baseline,,,2026-10-04 14:57:37,normal,,0,low,allow
99,33,0.0,0,,,,,19.8,55.7,212898816,4085889024,baseline,,,2026-10-04 14:57:39,normal,,0,low,allow
100,33,0.0,0,,,,,9.8,55.6,212899840,4085890048,baseline,,,2026-10-04 14:57:40,normal,,0,low,allow
101,33,0.0,0,,,,,5.0,54.5,212900864,4085892096,baseline,,,2026-10-04 14:57:41,normal,,0,low,allow
102,33,0.0,0,,,,,10.9,55.1,212902912,4085893120,baseline,,,2026-10-04 14:57:42,normal,,0,low,allow
103,33,0.0,0,,,,,12.4,55.3,212903936,4085895168,baseline,,,2026-10-04 14:57:43,normal,,0,low,allow
104,33,0.0,0,,,,,3.4,54.8,212904960,4085896192,baseline,,,2026-10-04 14:57:44,normal,,0,low,allow
105,33,0.0,0,,,,,10.9,55.1,212907008,4085898240,baseline,,,2026-10-04 14:57:45,normal,,0,low,allow
106,33,0.0,0,,,,,15.0,55.5,212908032,4085900288,baseline,,,2026-10-04 14:57:46,normal,,0,low,allow
107,33,0.0,0,,,,,6.9,54.8,212909056,4085901312,baseline,,,2026-10-04 14:57:47,normal,,0,low,allow
108,33,0.0,0,,,,,8.7,55.3,212910080,4085902336,baseline,,,2026-10-04 14:57:48,normal,,0,low,allow
109,33,0.0,0,,,,,6.4,55.2,212912128,4085904384,baseline,,,2026-10-04 14:57:49,normal,,0,low,allow
110,33,0.0,0,,,,,4.4,55.3,212913152,4085906432,baseline,,,2026-10-04 14:57:50,normal,,0,low,allow
111,33,0.0,0,,,,,3.8,55.1,212914176,4085907456,baseline,,,2026-10-04 14:57:51,normal,,0,low,allow
112,33,0.0,0,,,,,8.7,55.2,212915200,4085909504,baseline,,,2026-10-04 14:57:52,normal,,0,low,allow
113,33,0.0,0,,,,,16.3,55.2,212917248,4085911552,baseline,,,2026-10-04 14:57:54,normal,,0,low,allow
114,33,0.0,0,,,,,11.7,55.2,212918272,4085913600,baseline,,,2026-10-04 14:57:55,normal,,0,low,allow
115,33,0.0,0,,,,,6.9,55.2,212920320,4085915648,baseline,,,2026-10-04 14:57:56,normal,,0,low,allow
116,33,0.0,0,,,,,3.4,55.0,212921344,4085917696,baseline,,,2026-10-04 14:57:57,normal,,0,low,allow
117,33,0.0,0,,,,,0.5,55.2,212922368,4085918720,baseline,,,2026-10-04 14:57:58,normal,,0,low,allow
118,33,0.0,0,,,,,3.0,55.2,212923392,4085920768,baseline,,,2026-10-04 14:57:59,normal,,0,low,allow
119,33,0.0,0,,,,,9.7,55.3,212924416,4085921792,baseline,,,2026-10-04 14:58:00,normal,,0,low,allow
120,33,0.0,0,,,,,14.9,55.4,212925440,4085923840,baseline,,,2026-10-04 14:58:01,normal,,0,low,allow
121,33,0.0,0,,,,,12.2,55.3,212933632,4086020096,baseline,,,2026-10-04 14:58:02,normal,,0,low,allow
122,33,0.0,0,,,,,8.8,55.3,212934656,4086022144,baseline,,,2026-10-04 14:58:03,normal,,0,low,allow
123,33,0.0,0,,,,,6.9,55.2,212935680,4086023168,baseline,,,2026-10-04 14:58:04,normal,,0,low,allow
124,33,0.0,0,,,,,3.5,55.2,212936704,4086024192,baseline,,,2026-10-04 14:58:05,normal,,0,low,allow
125,33,0.0,0,,,,,13.7,55.6,212939776,4086026240,baseline,,,2026-10-04 14:58:06,normal,,0,low,allow
126,33,0.0,0,,,,,8.4,55.8,212940800,4086028288,baseline,,,2026-10-04 14:58:07,normal,,0,low,allow
127,33,0.0,0,,,,,8.5,55.7,212953088,4086030336,baseline,,,2026-10-04 14:58:09,normal,,0,low,allow
128,33,0.0,0,,,,,13.5,55.7,212955136,4086036480,baseline,,,2026-10-04 14:58:10,normal,,0,low,allow
129,33,0.0,0,,,,,7.7,55.7,212958208,4086038528,baseline,,,2026-10-04 14:58:11,normal,,0,low,allow
130,33,0.0,0,,,,,20.7,55.6,212959232,4086039552,baseline,,,2026-10-04 14:58:12,normal,,0,low,allow
131,33,0.0,0,,,,,16.3,55.6,212960256,4086041600,baseline,,,2026-10-04 14:58:13,normal,,0,low,allow
132,33,0.0,0,,,,,12.1,55.6,212961280,4086042624,baseline,,,2026-10-04 14:58:14,normal,,0,low,allow
133,33,0.0,0,,,,,20.2,55.8,213001216,4086045696,baseline,,,2026-10-04 14:58:15,normal,,0,low,allow
134,33,0.0,0,,,,,19.5,55.4,213028864,4086124544,baseline,,,2026-10-04 14:58:16,normal,,0,low,allow
135,33,0.0,0,,,,,6.3,55.3,213029888,4086134784,baseline,,,2026-10-04 14:58:17,normal,,0,low,allow
136,33,0.0,0,,,,,8.3,55.0,213031936,4086136832,baseline,,,2026-10-04 14:58:18,normal,,0,low,allow
137,33,0.0,0,,,,,10.3,54.9,213032960,4086137856,baseline,,,2026-10-04 14:58:19,normal,,0,low,allow
138,33,0.0,0,,,,,18.0,55.2,213035008,4086141952,baseline,,,2026-10-04 14:58:20,normal,,0,low,allow
139,33,0.0,0,,,,,21.3,55.4,213037056,4086144000,baseline,,,2026-10-04 14:58:21,normal,,0,low,allow
140,33,0.0,0,,,,,18.9,55.5,213039104,4086146048,baseline,,,2026-10-04 14:58:22,normal,,0,low,allow
141,33,0.0,0,,,,,13.9,55.2,213040128,4086149120,baseline,,,2026-10-04 14:58:24,normal,,0,low,allow
142,33,0.0,0,,,,,19.4,55.4,213042176,4086153216,baseline,,,2026-10-04 14:58:25,normal,,0,low,allow
143,33,0.0,0,,,,,15.5,55.6,213044224,4086155264,baseline,,,2026-10-04 14:58:26,normal,,0,low,allow
144,33,0.0,0,,,,,15.8,55.6,213052416,4086165504,baseline,,,2026-10-04 14:58:27,normal,,0,low,allow
145,33,0.0,0,,,,,13.9,55.4,213053440,4086167552,baseline,,,2026-10-04 14:58:28,normal,,0,low,allow
146,33,0.0,0,,,,,11.8,55.9,213055488,4086170624,baseline,,,2026-10-04 14:58:29,normal,,0,low,allow
147,33,0.0,0,,,,,14.6,55.7,213057536,4086173696,baseline,,,2026-10-04 14:58:30,normal,,0,low,allow
148,33,0.0,0,,,,,16.6,56.0,213058560,4086175744,baseline,,,2026-10-04 14:58:31,anomaly,memory_usage,45,moderate,monitor
149,33,0.0,0,,,,,20.5,55.9,213060608,4086178816,baseline,,,2026-10-04 14:58:32,normal,,0,low,allow
150,33,0.0,0,,,,,19.9,55.7,213065728,4086184960,baseline,,,2026-10-04 14:58:33,normal,,0,low,allow
151,33,0.0,0,,,,,14.9,55.7,213066752,4086187008,baseline,,,2026-10-04 14:58:34,normal,,0,low,allow
152,33,0.0,0,,,,,4.0,55.9,213098496,4086191104,baseline,,,2026-10-04 14:58:35,normal,,0,low,allow
153,33,0.0,0,,,,,2.0,55.9,213170176,4086204416,baseline,,,2026-10-04 14:58:36,normal,,0,low,allow
154,33,0.0,0,,,,,11.4,54.6,213552128,4086573056,baseline,,,2026-10-04 15:02:00,normal,,0,low,allow
155,33,0.0,0,,,,,9.8,54.6,213553152,4086575104,baseline,,,2026-10-04 15:02:01,normal,,0,low,allow
156,33,0.0,0,,,,,7.4,54.0,213555200,4086576128,baseline,,,2026-10-04 15:02:02,normal,,0,low,allow
157,33,0.0,0,,,,,5.8,54.4,213557248,4086579200,baseline,,,2026-10-04 15:02:03,normal,,0,low,allow
158,33,0.0,0,,,,,7.0,54.2,213562368,4086591488,baseline,normal,1.0,2026-10-04 15:02:23,normal,,0,low,allow
159,33,0.0,0,,,,,11.3,54.4,213563392,4086593536,baseline,normal,1.0,2026-10-04 15:02:24,normal,,0,low,allow
160,33,0.0,0,,,,,14.7,54.6,213564416,4086594560,baseline,normal,1.0,2026-10-04 15:02:26,normal,,0,low,allow
161,33,0.0,0,,,,,4.9,54.3,213565440,4086596608,baseline,normal,1.0,2026-10-04 15:02:27,normal,,0,low,allow
162,33,0.0,0,,,,,7.4,53.9,213566464,4086597632,baseline,normal,1.0,2026-10-04 15:02:28,normal,,0,low,allow
163,33,0.0,0,,,,,7.0,53.9,213568512,4086600704,baseline,normal,1.0,2026-10-04 15:02:29,normal,,0,low,allow
164,33,0.0,0,,,,,13.1,54.7,213569536,4086601728,baseline,normal,1.0,2026-10-04 15:02:31,normal,,0,low,allow
165,33,0.0,0,,,,,13.9,54.8,213576704,4086610944,baseline,normal,1.0,2026-10-04 15:02:32,normal,,0,low,allow
166,33,0.0,0,,,,,4.0,55.0,213578752,4086612992,baseline,normal,1.0,2026-10-04 15:02:33,normal,,0,low,allow
167,33,0.0,0,,,,,9.7,54.2,213582848,4086618112,baseline,normal,1.0,2026-10-04 15:02:34,normal,,0,low,allow
168,33,0.0,0,,,,,12.6,54.9,213584896,4086620160,baseline,normal,1.0,2026-10-04 15:02:35,normal,,0,low,allow
169,33,0.0,0,,,,,3.9,55.0,213596160,4086622208,baseline,normal,1.0,2026-10-04 15:02:37,normal,,0,low,allow
170,33,0.0,0,,,,,11.4,54.1,213597184,4086626304,baseline,normal,1.0,2026-10-04 15:02:38,normal,,0,low,allow
171,33,0.0,0,,,,,5.9,54.6,213623808,4086660096,baseline,normal,1.0,2026-10-04 15:02:39,normal,,0,low,allow
172,33,0.0,0,,,,,9.9,54.6,213625856,4086667264,baseline,normal,1.0,2026-10-04 15:02:40,normal,,0,low,allow
173,33,0.0,0,,,,,9.2,54.6,213646336,4086880256,baseline,normal,1.0,2026-10-04 15:02:41,normal,,0,low,allow
174,33,0.0,0,,,,,8.7,55.1,213678080,4086890496,baseline,normal,1.0,2026-10-04 15:02:43,normal,,0,low,allow
175,33,0.0,0,,,,,16.3,55.0,213690368,4086904832,baseline,normal,1.0,2026-10-04 15:02:44,normal,,0,low,allow
176,34,0.0,0,,,,,6.9,55.1,213709824,4086925312,baseline,normal,1.0,2026-10-04 15:02:45,normal,,0,low,allow
177,34,0.0,0,,,,,8.4,54.8,213710848,4086926336,baseline,normal,1.0,2026-10-04 15:02:46,normal,,0,low,allow
178,35,0.0,0,,,,,16.5,54.8,213736448,4086951936,baseline,normal,1.0,2026-10-04 15:02:48,normal,,0,low,allow
179,35,0.0,0,,,,,2.9,55.1,213761024,4086961152,baseline,normal,1.0,2026-10-04 15:02:49,normal,,0,low,allow
180,35,0.0,0,,,,,14.9,55.2,213763072,4086963200,baseline,normal,1.0,2026-10-04 15:02:50,normal,,0,low,allow
181,35,0.0,0,,,,,11.8,54.7,213765120,4086965248,baseline,normal,1.0,2026-10-04 15:02:51,normal,,0,low,allow
182,35,0.0,0,,,,,5.9,54.5,213766144,4086966272,baseline,normal,1.0,2026-10-04 15:02:52,normal,,0,low,allow
183,35,0.0,0,,,,,13.7,54.1,213768192,4086969344,baseline,normal,1.0,2026-10-04 15:02:54,normal,,0,low,allow
184,35,0.0,0,,,,,9.7,53.9,213769216,4086970368,baseline,normal,1.0,2026-10-04 15:02:55,normal,,0,low,allow
185,35,0.0,0,,,,,15.2,54.8,213771264,4086972416,baseline,normal,1.0,2026-10-04 15:02:56,normal,,0,low,allow
186,35,0.0,0,,,,,11.8,54.8,213780480,4086980608,baseline,normal,1.0,2026-10-04 15:02:57,normal,,0,low,allow
187,35,0.0,0,,,,,3.4,55.1,213793792,4086996992,baseline,normal,1.0,2026-10-04 15:02:58,normal,,0,low,allow
188,35,0.0,0,,,,,14.1,55.2,213796864,4087001088,baseline,normal,1.0,2026-10-04 15:03:00,normal,,0,low,allow
189,35,0.0,0,,,,,8.5,55.1,213798912,4087007232,baseline,normal,1.0,2026-10-04 15:03:01,normal,,0,low,allow
190,35,0.0,0,,,,,3.9,55.1,213807104,4087095296,baseline,normal,1.0,2026-10-04 15:03:02,normal,,0,low,allow
191,35,0.0,0,,,,,14.6,54.9,213808128,4087097344,baseline,normal,1.0,2026-10-04 15:03:03,normal,,0,low,allow
192,35,0.0,0,,,,,6.9,54.9,213809152,4087098368,baseline,normal,1.0,2026-10-04 15:03:05,normal,,0,low,allow
193,35,0.0,0,,,,,9.5,55.0,213823488,4087113728,baseline,normal,1.0,2026-10-04 15:03:06,normal,,0,low,allow
194,35,0.0,0,,,,,13.5,54.8,213839872,4087128064,baseline,normal,1.0,2026-10-04 15:03:07,normal,,0,low,allow
195,35,0.0,0,,,,,10.8,54.8,213841920,4087130112,baseline,normal,1.0,2026-10-04 15:03:08,normal,,0,low,allow
196,35,0.0,0,,,,,19.3,55.2,213854208,4087135232,baseline,normal,1.0,2026-10-04 15:03:09,normal,,0,low,allow
197,35,0.0,0,,,,,9.8,55.2,213855232,4087137280,baseline,normal,1.0,2026-10-04 15:03:11,normal,,0,low,allow
198,35,0.0,0,,,,,7.8,55.1,213857280,4087139328,baseline,normal,1.0,2026-10-04 15:03:12,normal,,0,low,allow
199,35,0.0,0,,,,,8.4,54.8,213862400,4087142400,baseline,normal,1.0,2026-10-04 15:03:13,normal,,0,low,allow
200,35,0.0,0,,,,,1.0,54.1,213863424,4087144448,baseline,normal,1.0,2026-10-04 15:03:14,normal,,0,low,allow
201,35,0.0,0,,,,,14.5,54.1,213864448,4087145472,baseline,normal,1.0,2026-10-04 15:03:15,normal,,0,low,allow
202,35,0.0,0,,,,,3.4,54.0,213865472,4087147520,baseline,normal,1.0,2026-10-04 15:03:17,normal,,0,low,allow
203,35,0.0,0,,,,,9.2,54.5,213866496,4087148544,baseline,normal,1.0,2026-10-04 15:03:18,normal,,0,low,allow
204,35,0.0,0,,,,,9.3,54.5,213869568,4087151616,baseline,normal,1.0,2026-10-04 15:03:19,normal,,0,low,allow
205,35,0.0,0,,,,,7.8,54.7,213871616,4087153664,baseline,normal,1.0,2026-10-04 15:03:20,normal,,0,low,allow
206,35,0.0,0,,,,,9.0,55.2,213872640,4087155712,baseline,normal,1.0,2026-10-04 15:03:22,normal,,0,low,allow
207,35,0.0,0,,,,,11.7,55.2,213873664,4087156736,baseline,normal,1.0,2026-10-04 15:03:23,normal,,0,low,allow
208,35,0.0,0,,,,,8.2,55.2,213874688,4087157760,baseline,normal,1.0,2026-10-04 15:03:24,normal,,0,low,allow
209,35,0.0,0,,,,,8.7,55.3,213876736,4087160832,baseline,normal,1.0,2026-10-04 15:03:25,normal,,0,low,allow
210,35,0.0,0,,,,,1.0,54.3,213883904,4087170048,baseline,normal,1.0,2026-10-04 15:03:26,normal,,0,low,allow
211,35,0.0,0,,,,,14.4,55.1,213884928,4087171072,baseline,normal,1.0,2026-10-04 15:03:28,normal,,0,low,allow
212,35,0.0,0,,,,,10.8,55.2,213886976,4087173120,baseline,normal,1.0,2026-10-04 15:03:29,normal,,0,low,allow
213,35,0.0,0,,,,,2.5,54.9,213890048,4087175168,baseline,normal,1.0,2026-10-04 15:03:30,normal,,0,low,allow
214,35,0.0,0,,,,,11.9,54.4,213896192,4087188480,baseline,normal,1.0,2026-10-04 15:03:31,normal,,0,low,allow
215,35,0.0,0,,,,,4.4,54.6,213897216,4087190528,baseline,normal,1.0,2026-10-04 15:03:32,normal,,0,low,allow
216,35,0.0,0,,,,,13.4,54.6,213906432,4087203840,baseline,normal,1.0,2026-10-04 15:03:34,normal,,0,low,allow
217,35,0.0,0,,,,,7.9,54.6,213910528,4087216128,baseline,normal,1.0,2026-10-04 15:03:35,normal,,0,low,allow
218,35,0.0,0,,,,,7.8,54.5,213912576,4087219200,baseline,normal,1.0,2026-10-04 15:03:36,normal,,0,low,allow
219,35,0.0,0,,,,,11.8,54.5,213914624,4087220224,baseline,normal,1.0,2026-10-04 15:03:37,normal,,0,low,allow
220,35,0.0,0,,,,,1.5,54.7,213915648,4087222272,baseline,normal,1.0,2026-10-04 15:03:38,normal,,0,low,allow
221,35,0.0,0,,,,,8.8,54.2,213926912,4087223296,baseline,normal,1.0,2026-10-04 15:03:40,normal,,0,low,allow
222,35,0.0,0,,,,,5.9,54.1,213928960,4087228416,baseline,normal,1.0,2026-10-04 15:03:41,normal,,0,low,allow
223,35,0.0,0,,,,,4.8,54.6,213929984,4087230464,baseline,normal,1.0,2026-10-04 15:03:42,normal,,0,low,allow
224,35,0.0,0,,,,,21.2,54.2,213932032,4087232512,baseline,normal,1.0,2026-10-04 15:03:43,normal,,0,low,allow
225,35,0.0,0,,,,,2.9,54.6,213933056,4087233536,baseline,normal,1.0,2026-10-04 15:03:45,normal,,0,low,allow
226,35,0.0,0,,,,,11.7,54.2,213935104,4087236608,baseline,normal,1.0,2026-10-04 15:03:46,normal,,0,low,allow
227,35,0.0,0,,,,,9.4,54.6,213936128,4087237632,baseline,normal,1.0,2026-10-04 15:03:47,normal,,0,low,allow
228,35,0.0,0,,,,,1.9,54.1,213938176,4087240704,baseline,normal,1.0,2026-10-04 15:03:48,normal,,0,low,allow
229,35,0.0,0,,,,,13.7,54.6,213939200,4087241728,baseline,normal,1.0,2026-10-04 15:03:49,normal,,0,low,allow
230,35,0.0,0,,,,,5.2,54.6,213940224,4087243776,baseline,normal,1.0,2026-10-04 15:03:51,normal,,0,low,allow
231,35,0.0,0,,,,,9.7,54.6,213941248,4087244800,baseline,normal,1.0,2026-10-04 15:03:52,normal,,0,low,allow
232,35,0.0,0,,,,,10.6,54.1,213943296,4087247872,baseline,normal,1.0,2026-10-04 15:03:53,normal,,0,low,allow
233,35,0.0,0,,,,,2.0,54.6,213944320,4087248896,baseline,normal,1.0,2026-10-04 15:03:54,normal,,0,low,allow
234,35,0.0,0,,,,,12.6,54.1,213945344,4087249920,baseline,normal,1.0,2026-10-04 15:03:55,normal,,0,low,allow
235,35,0.0,0,,,,,4.9,53.9,213946368,4087250944,baseline,normal,1.0,2026-10-04 15:03:57,normal,,0,low,allow
236,35,0.0,0,,,,,7.4,54.5,213948416,4087254016,baseline,normal,1.0,2026-10-04 15:03:58,normal,,0,low,allow
237,35,0.0,0,,,,,5.9,53.8,213949440,4087256064,baseline,normal,1.0,2026-10-04 15:03:59,normal,,0,low,allow
238,35,0.0,0,,,,,8.1,54.0,213950464,4087257088,baseline,normal,1.0,2026-10-04 15:04:00,normal,,0,low,allow
239,35,0.0,0,,,,,11.2,53.8,213952512,4087259136,baseline,normal,1.0,2026-10-04 15:04:02,normal,,0,low,allow
240,35,0.0,0,,,,,1.5,53.7,213954560,4087261184,baseline,normal,1.0,2026-10-04 15:04:03,normal,,0,low,allow
241,35,0.0,0,,,,,9.9,53.5,213955584,4087263232,baseline,normal,1.0,2026-10-04 15:04:04,normal,,0,low,allow
242,35,0.0,0,,,,,8.6,53.4,213956608,4087264256,baseline,normal,1.0,2026-10-04 15:04:05,normal,,0,low,allow
243,35,0.0,0,,,,,7.2,53.4,213958656,4087267328,baseline,normal,1.0,2026-10-04 15:04:06,normal,,0,low,allow
244,35,0.0,0,,,,,20.2,55.0,213959680,4087268352,baseline,normal,1.0,2026-10-04 15:04:08,normal,,0,low,allow
245,35,0.0,0,,,,,0.5,55.0,213960704,4087270400,baseline,normal,1.0,2026-10-04 15:04:09,normal,,0,low,allow
246,35,0.0,0,,,,,10.0,54.0,213961728,4087271424,baseline,normal,1.0,2026-10-04 15:04:10,normal,,0,low,allow
247,35,0.0,0,,,,,4.4,53.9,213962752,4087272448,baseline,normal,1.0,2026-10-04 15:04:11,normal,,0,low,allow
248,35,0.0,0,,,,,4.9,53.8,213964800,4087274496,baseline,normal,1.0,2026-10-04 15:04:12,normal,,0,low,allow
249,35,0.0,0,,,,,8.9,53.7,213965824,4087276544,baseline,normal,1.0,2026-10-04 15:04:14,normal,,0,low,allow
250,35,0.0,0,,,,,12.7,54.9,213966848,4087277568,baseline,normal,1.0,2026-10-04 15:04:15,normal,,0,low,allow
251,35,0.0,0,,,,,11.2,54.7,213969920,4087280640,baseline,normal,1.0,2026-10-04 15:04:16,normal,,0,low,allow
252,35,0.0,0,,,,,6.9,54.9,213970944,4087281664,baseline,normal,1.0,2026-10-04 15:04:17,normal,,0,low,allow
253,35,0.0,0,,,,,5.0,54.8,213972992,4087284736,baseline,normal,1.0,2026-10-04 15:04:19,normal,,0,low,allow
254,35,0.0,0,,,,,10.8,54.9,213974016,4087286784,baseline,normal,1.0,2026-10-04 15:04:20,normal,,0,low,allow
255,35,0.0,0,,,,,1.0,53.8,213975040,4087287808,baseline,normal,1.0,2026-10-04 15:04:21,normal,,0,low,allow
256,35,0.0,0,,,,,9.5,53.8,213977088,4087289856,baseline,normal,1.0,2026-10-04 15:04:22,normal,,0,low,allow
257,51,0.080965104040159,55,,,,,11.3,55.0,22608896,75432960,baseline,,,2026-10-05 02:53:02,anomaly,"active_connections,messages_per_second,message_size",65,high,throttle
258,51,0.080965104040159,55,,,,,11.2,54.9,22610944,75442176,baseline,,,2026-10-05 02:53:03,anomaly,"active_connections,messages_per_second,message_size",65,high,throttle
259,51,0.080965104040159,55,,,,,9.2,54.4,22612992,75453440,baseline,,,2026-10-05 02:53:04,anomaly,"active_connections,messages_per_second,message_size",65,high,throttle
260,51,0.080965104040159,55,,,,,9.2,55.0,22615040,75464704,baseline,,,2026-10-05 02:53:05,anomaly,"active_connections,messages_per_second,message_size",65,high,throttle
261,51,0.080965104040159,55,,,,,4.9,55.1,22617088,75483136,baseline,,,2026-10-05 02:53:06,anomaly,"active_connections,messages_per_second,message_size",65,high,throttle
262,51,0.080965104040159,55,,,,,6.3,55.0,22619136,75501568,baseline,,,2026-10-05 02:53:07,anomaly,"active_connections,messages_per_second,message_size",65,high,throttle
263,51,0.080965104040159,55,,,,,21.6,55.1,22621184,75512832,baseline,,,2026-10-05 02:53:09,anomaly,"active_connections,messages_per_second,message_size",65,high,throttle
264,51,0.080965104040159,55,,,,,12.7,55.1,22628352,75535360,baseline,,,2026-10-05 02:53:10,anomaly,"active_connections,messages_per_second,message_size",65,high,throttle
265,51,0.080965104040159,55,,,,,8.4,55.0,22635520,75546624,baseline,,,2026-10-05 02:53:11,anomaly,"active_connections,messages_per_second,message_size",65,high,throttle
266,51,0.080965104040159,55,,,,,6.3,55.0,22636544,75559936,baseline,,,2026-10-05 02:53:12,anomaly,"active_connections,messages_per_second,message_size",65,high,throttle
267,51,0.080965104040159,55,,,,,1.0,55.1,22637568,75572224,baseline,,,2026-10-05 02:53:13,anomaly,"active_connections,messages_per_second,message_size",65,high,throttle
268,51,0.080965104040159,55,,,,,4.0,55.0,22640640,75586560,baseline,,,2026-10-05 02:53:14,anomaly,"active_connections,messages_per_second,message_size",65,high,throttle
269,51,0.080965104040159,55,,,,,5.8,55.0,22643712,75598848,baseline,,,2026-10-05 02:53:15,anomaly,"active_connections,messages_per_second,message_size",65,high,throttle
270,51,0.080965104040159,55,,,,,8.1,55.0,22644736,75609088,baseline,,,2026-10-05 02:53:16,anomaly,"active_connections,messages_per_second,message_size",65,high,throttle
271,51,0.080965104040159,55,,,,,12.4,55.0,22645760,75621376,baseline,,,2026-10-05 02:53:17,anomaly,"active_connections,messages_per_second,message_size",65,high,throttle
272,51,0.080965104040159,55,,,,,10.8,54.5,22646784,75628544,baseline,,,2026-10-05 02:53:18,anomaly,"active_connections,messages_per_second,message_size",65,high,throttle
273,51,0.080965104040159,55,,,,,12.9,55.1,22670336,75654144,baseline,,,2026-10-05 02:53:19,anomaly,"active_connections,messages_per_second,message_size",65,high,throttle
274,51,0.080965104040159,55,,,,,15.5,55.6,22711296,75666432,baseline,,,2026-10-05 02:53:20,anomaly,"active_connections,messages_per_second,message_size",65,high,throttle
275,51,0.080965104040159,55,,,,,21.3,55.4,22715392,75681792,baseline,,,2026-10-05 02:53:21,anomaly,"active_connections,messages_per_second,message_size",65,high,throttle
276,51,0.080965104040159,55,,,,,13.2,55.2,22716416,75687936,baseline,,,2026-10-05 02:53:23,anomaly,"active_connections,messages_per_second,message_size",65,high,throttle
277,51,0.080965104040159,55,,,,,3.9,55.3,22718464,75695104,baseline,,,2026-10-05 02:53:24,anomaly,"active_connections,messages_per_second,message_size",65,high,throttle
278,51,0.080965104040159,55,,,,,8.2,54.6,22719488,75699200,baseline,,,2026-10-05 02:53:25,anomaly,"active_connections,messages_per_second,message_size",65,high,throttle
279,51,0.080965104040159,55,,,,,12.6,55.2,22721536,75708416,baseline,,,2026-10-05 02:53:26,anomaly,"active_connections,messages_per_second,message_size",65,high,throttle
280,51,0.080965104040159,55,,,,,14.6,55.1,22722560,75721728,baseline,,,2026-10-05 02:53:27,anomaly,"active_connections,messages_per_second,message_size",65,high,throttle
281,51,0.080965104040159,55,,,,,5.4,55.5,22723584,75730944,baseline,,,2026-10-05 02:53:28,anomaly,"active_connections,messages_per_second,message_size",65,high,throttle
282,51,0.080965104040159,55,,,,,5.9,55.4,22724608,75741184,baseline,,,2026-10-05 02:53:29,anomaly,"active_connections,messages_per_second,message_size",65,high,throttle
283,51,0.080965104040159,55,,,,,2.9,54.7,22729728,75758592,baseline,,,2026-10-05 02:53:30,anomaly,"active_connections,messages_per_second,message_size",65,high,throttle
284,51,0.080965104040159,55,,,,,4.8,55.2,22745088,75772928,baseline,,,2026-10-05 02:53:31,anomaly,"active_connections,messages_per_second,message_size",65,high,throttle
285,51,0.080965104040159,55,,,,,7.2,54.3,22748160,75787264,baseline,,,2026-10-05 02:53:32,anomaly,"active_connections,messages_per_second,message_size",65,high,throttle
286,51,0.080965104040159,55,,,,,10.7,55.3,22763520,75821056,baseline,,,2026-10-05 02:53:33,anomaly,"active_connections,messages_per_second,message_size",65,high,throttle
287,51,0.080965104040159,55,,,,,11.2,54.6,22774784,75844608,baseline,,,2026-10-05 02:53:34,anomaly,"active_connections,messages_per_second,message_size",65,high,throttle
288,51,0.080965104040159,55,,,,,8.3,55.0,22777856,75863040,baseline,,,2026-10-05 02:53:35,anomaly,"active_connections,messages_per_second,message_size",65,high,throttle
289,51,0.080965104040159,55,,,,,5.3,55.0,22787072,75888640,baseline,,,2026-10-05 02:53:36,anomaly,"active_connections,messages_per_second,message_size",65,high,throttle
290,51,0.080965104040159,55,,,,,3.4,55.0,22790144,75900928,baseline,,,2026-10-05 02:53:38,anomaly,"active_connections,messages_per_second,message_size",65,high,throttle
291,51,0.080965104040159,55,,,,,2.4,55.0,22791168,75912192,baseline,,,2026-10-05 02:53:39,anomaly,"active_connections,messages_per_second,message_size",65,high,throttle
292,51,0.080965104040159,55,,,,,7.4,55.0,22793216,75929600,message_burst,abnormal,3.0,2026-10-05 02:53:40,anomaly,"active_connections,messages_per_second,message_size",65,high,throttle
293,51,0.080965104040159,55,,,,,6.4,55.1,22793216,75930624,baseline,,,2026-10-05 02:53:40,anomaly,"active_connections,messages_per_second,message_size",65,high,throttle
294,51,0.080965104040159,55,,,,,4.6,55.0,22797312,75952128,baseline,,,2026-10-05 02:53:41,anomaly,"active_connections,messages_per_second,message_size",65,high,throttle
295,51,0.080965104040159,55,,,,,0.0,54.9,22797312,75953152,message_burst,abnormal,3.0,2026-10-05 02:53:41,anomaly,"active_connections,messages_per_second,message_size",65,high,throttle
296,51,0.080965104040159,55,,,,,12.8,54.3,22799360,75966464,baseline,,,2026-10-05 02:53:42,anomaly,"active_connections,messages_per_second,message_size",65,high,throttle
297,51,0.080965104040159,55,,,,,8.5,54.3,22803456,75973632,message_burst,abnormal,3.0,2026-10-05 02:53:42,anomaly,"active_connections,messages_per_second,message_size",65,high,throttle
298,51,0.080965104040159,55,,,,,10.2,55.3,22811648,75987968,baseline,,,2026-10-05 02:53:43,anomaly,"active_connections,messages_per_second,message_size",65,high,throttle
299,51,0.080965104040159,55,,,,,21.7,55.1,22820864,76000256,message_burst,abnormal,3.0,2026-10-05 02:53:43,anomaly,"active_connections,messages_per_second,message_size",65,high,throttle
300,51,0.080965104040159,55,,,,,14.4,55.3,22829056,76019712,baseline,,,2026-10-05 02:53:44,anomaly,"active_connections,messages_per_second,message_size",65,high,throttle
301,51,0.080965104040159,55,,,,,21.3,55.1,22830080,76021760,message_burst,abnormal,3.0,2026-10-05 02:53:44,anomaly,"active_connections,messages_per_second,message_size",65,high,throttle
302,51,0.080965104040159,55,,,,,9.9,55.5,22834176,76026880,baseline,,,2026-10-05 02:53:45,anomaly,"active_connections,messages_per_second,message_size",65,high,throttle
303,51,0.080965104040159,55,,,,,2.5,55.3,22835200,76032000,message_burst,abnormal,3.0,2026-10-05 02:53:46,anomaly,"active_connections,messages_per_second,message_size",65,high,throttle
304,51,0.080965104040159,55,,,,,9.3,55.4,22838272,76039168,baseline,,,2026-10-05 02:53:46,anomaly,"active_connections,messages_per_second,message_size",65,high,throttle
305,51,0.080965104040159,55,,,,,0.0,55.2,22839296,76048384,message_burst,abnormal,3.0,2026-10-05 02:53:47,anomaly,"active_connections,messages_per_second,message_size",65,high,throttle
306,51,0.080965104040159,55,,,,,1.4,55.4,22841344,76052480,baseline,,,2026-10-05 02:53:47,anomaly,"active_connections,messages_per_second,message_size",65,high,throttle
307,51,0.080965104040159,55,,,,,10.4,55.1,22843392,76057600,message_burst,abnormal,3.0,2026-10-05 02:53:48,anomaly,"active_connections,messages_per_second,message_size",65,high,throttle
308,51,0.080965104040159,55,,,,,7.6,55.0,22843392,76059648,baseline,,,2026-10-05 02:53:48,anomaly,"active_connections,messages_per_second,message_size",65,high,throttle
309,51,0.080965104040159,55,,,,,6.4,54.9,22847488,76070912,message_burst,abnormal,3.0,2026-10-05 02:53:49,anomaly,"active_connections,messages_per_second,message_size",65,high,throttle
310,51,0.080965104040159,55,,,,,6.4,54.9,22848512,76071936,baseline,,,2026-10-05 02:53:49,anomaly,"active_connections,messages_per_second,message_size",65,high,throttle
311,51,0.080965104040159,55,,,,,12.3,55.1,22850560,76079104,baseline,,,2026-10-05 02:53:50,anomaly,"active_connections,messages_per_second,message_size",65,high,throttle
312,51,0.080965104040159,55,,,,,16.3,55.1,22850560,76080128,message_burst,abnormal,3.0,2026-10-05 02:53:51,anomaly,"active_connections,messages_per_second,message_size",65,high,throttle
313,51,0.080965104040159,55,,,,,27.2,55.1,22852608,76089344,baseline,,,2026-10-05 02:53:51,anomaly,"active_connections,messages_per_second,message_size,cpu_usage",70,high,throttle
314,51,0.080965104040159,55,,,,,17.4,55.1,22853632,76092416,message_burst,abnormal,3.0,2026-10-05 02:53:52,anomaly,"active_connections,messages_per_second,message_size",65,high,throttle
315,51,0.080965104040159,55,,,,,21.7,55.6,22858752,76102656,baseline,,,2026-10-05 02:53:52,anomaly,"active_connections,messages_per_second,message_size",65,high,throttle
316,51,0.080965104040159,55,,,,,13.9,55.4,22871040,76111872,message_burst,abnormal,3.0,2026-10-05 02:53:53,anomaly,"active_connections,messages_per_second,message_size",65,high,throttle
317,51,0.080965104040159,55,,,,,21.3,55.6,22890496,76114944,baseline,,,2026-10-05 02:53:54,anomaly,"active_connections,messages_per_second,message_size",65,high,throttle
318,51,0.080965104040159,55,,,,,0.0,55.3,22891520,76123136,message_burst,abnormal,3.0,2026-10-05 02:53:54,anomaly,"active_connections,messages_per_second,message_size",65,high,throttle
319,51,0.080965104040159,55,,,,,13.2,55.3,22897664,76127232,baseline,,,2026-10-05 02:53:55,anomaly,"active_connections,messages_per_second,message_size",65,high,throttle
320,51,0.080965104040159,55,,,,,0.0,55.4,22898688,76131328,message_burst,abnormal,3.0,2026-10-05 02:53:55,anomaly,"active_connections,messages_per_second,message_size",65,high,throttle
321,51,0.080965104040159,55,,,,,16.2,55.4,22899712,76136448,baseline,,,2026-10-05 02:53:56,anomaly,"active_connections,messages_per_second,message_size",65,high,throttle
322,51,0.080965104040159,55,,,,,17.1,55.2,22902784,76146688,message_burst,abnormal,3.0,2026-10-05 02:53:57,anomaly,"active_connections,messages_per_second,message_size",65,high,throttle
323,51,0.080965104040159,55,,,,,9.4,55.3,22902784,76148736,baseline,,,2026-10-05 02:53:57,anomaly,"active_connections,messages_per_second,message_size",65,high,throttle
324,51,0.0042377729655511,55,,,,,13.9,55.1,22918144,76171264,message_burst,abnormal,3.0,2026-10-05 02:53:58,anomaly,"active_connections,messages_per_second,message_size",65,high,throttle
325,51,0.0042377729655511,55,,,,,6.9,55.0,22926336,76179456,baseline,,,2026-10-05 02:53:58,anomaly,"active_connections,messages_per_second,message_size",65,high,throttle
326,51,0.0042377729655511,55,,,,,3.9,54.8,22929408,76187648,baseline,,,2026-10-05 02:53:59,anomaly,"active_connections,messages_per_second,message_size",65,high,throttle
327,51,0.0042377729655511,55,,,,,9.4,54.8,22929408,76187648,message_burst,abnormal,3.0,2026-10-05 02:53:59,anomaly,"active_connections,messages_per_second,message_size",65,high,throttle
328,51,0.0042377729655511,55,,,,,3.9,54.6,22934528,76195840,baseline,,,2026-10-05 02:54:00,anomaly,"active_connections,messages_per_second,message_size",65,high,throttle
329,51,0.0042377729655511,55,,,,,24.0,54.4,22935552,76196864,message_burst,abnormal,3.0,2026-10-05 02:54:00,anomaly,"active_connections,messages_per_second,message_size,cpu_usage",70,high,throttle
330,51,0.0042377729655511,55,,,,,9.4,54.8,22936576,76203008,baseline,,,2026-10-05 02:54:01,anomaly,"active_connections,messages_per_second,message_size",65,high,throttle
331,51,0.0042377729655511,55,,,,,3.9,54.8,22937600,76206080,message_burst,abnormal,3.0,2026-10-05 02:54:01,anomaly,"active_connections,messages_per_second,message_size",65,high,throttle
332,51,0.0042377729655511,55,,,,,7.7,54.8,22938624,76209152,baseline,,,2026-10-05 02:54:02,anomaly,"active_connections,messages_per_second,message_size",65,high,throttle
333,51,0.0042377729655511,55,,,,,8.4,54.6,22940672,76215296,message_burst,abnormal,3.0,2026-10-05 02:54:03,anomaly,"active_connections,messages_per_second,message_size",65,high,throttle
334,51,0.0042377729655511,55,,,,,9.1,54.0,22942720,76222464,baseline,,,2026-10-05 02:54:03,anomaly,"active_connections,messages_per_second,message_size",65,high,throttle
335,51,0.0042377729655511,55,,,,,11.5,53.7,22946816,76229632,message_burst,abnormal,3.0,2026-10-05 02:54:04,anomaly,"active_connections,messages_per_second,message_size",65,high,throttle
336,51,0.0042377729655511,55,,,,,12.7,53.9,22948864,76232704,baseline,,,2026-10-05 02:54:04,anomaly,"active_connections,messages_per_second,message_size",65,high,throttle
337,51,0.0042377729655511,55,,,,,10.9,55.0,22961152,76243968,message_burst,abnormal,3.0,2026-10-05 02:54:05,anomaly,"active_connections,messages_per_second,message_size",65,high,throttle
338,51,0.0042377729655511,55,,,,,15.5,55.2,22975488,76247040,baseline,,,2026-10-05 02:54:05,anomaly,"active_connections,messages_per_second,message_size",65,high,throttle
339,51,0.0042377729655511,55,,,,,20.8,55.2,22978560,76259328,message_burst,abnormal,3.0,2026-10-05 02:54:06,anomaly,"active_connections,messages_per_second,message_size",65,high,throttle
340,51,0.0042377729655511,55,,,,,0.0,55.2,22980608,76259328,baseline,,,2026-10-05 02:54:06,anomaly,"active_connections,messages_per_second,message_size",65,high,throttle
341,51,0.54147714966428,55,,,,,9.4,55.1,23021568,76305408,baseline,,,2026-10-05 02:54:07,anomaly,"active_connections,messages_per_second,message_size",65,high,throttle
342,51,0.54147714966428,55,,,,,5.4,55.1,23021568,76305408,message_burst,abnormal,3.0,2026-10-05 02:54:07,anomaly,"active_connections,messages_per_second,message_size",65,high,throttle
343,51,0.54147714966428,55,,,,,8.8,55.0,23027712,76312576,baseline,,,2026-10-05 02:54:08,anomaly,"active_connections,messages_per_second,message_size",65,high,throttle
344,51,0.54147714966428,55,,,,,17.8,54.8,23028736,76314624,message_burst,abnormal,3.0,2026-10-05 02:54:09,anomaly,"active_connections,messages_per_second,message_size",65,high,throttle
345,51,0.54147714966428,55,,,,,9.4,55.1,23029760,76318720,baseline,,,2026-10-05 02:54:10,anomaly,"active_connections,messages_per_second,message_size",65,high,throttle
346,51,0.54147714966428,55,,,,,0.0,54.8,23031808,76321792,message_burst,abnormal,3.0,2026-10-05 02:54:10,anomaly,"active_connections,messages_per_second,message_size",65,high,throttle
347,51,0.54147714966428,55,,,,,10.4,55.0,23033856,76326912,baseline,,,2026-10-05 02:54:11,anomaly,"active_connections,messages_per_second,message_size",65,high,throttle
348,51,0.54147714966428,55,,,,,12.9,54.8,23034880,76332032,message_burst,abnormal,3.0,2026-10-05 02:54:11,anomaly,"active_connections,messages_per_second,message_size",65,high,throttle
349,51,0.54147714966428,55,,,,,1.0,54.9,23035904,76338176,baseline,,,2026-10-05 02:54:12,anomaly,"active_connections,messages_per_second,message_size",65,high,throttle
350,51,0.54147714966428,55,,,,,0.0,54.6,23038976,76345344,message_burst,abnormal,3.0,2026-10-05 02:54:12,anomaly,"active_connections,messages_per_second,message_size",65,high,throttle
351,51,0.54147714966428,55,,,,,13.7,54.7,23040000,76347392,baseline,,,2026-10-05 02:54:13,anomaly,"active_connections,messages_per_second,message_size",65,high,throttle
352,51,0.54147714966428,55,,,,,0.0,54.8,23050240,76363776,message_burst,abnormal,3.0,2026-10-05 02:54:14,anomaly,"active_connections,messages_per_second,message_size",65,high,throttle
353,51,0.54147714966428,55,,,,,5.9,55.0,23053312,76367872,baseline,,,2026-10-05 02:54:14,anomaly,"active_connections,messages_per_second,message_size",65,high,throttle
354,51,0.54147714966428,55,,,,,9.8,54.8,23055360,76376064,message_burst,abnormal,3.0,2026-10-05 02:54:15,anomaly,"active_connections,messages_per_second,message_size",65,high,throttle
355,51,0.54147714966428,55,,,,,13.2,55.0,23056384,76377088,baseline,,,2026-10-05 02:54:15,anomaly,"active_connections,messages_per_second,message_size",65,high,throttle
356,51,0.54147714966428,55,,,,,13.4,55.0,23058432,76383232,baseline,,,2026-10-05 02:54:16,anomaly,"active_connections,messages_per_second,message_size",65,high,throttle
357,51,0.54147714966428,55,,,,,11.1,54.9,23062528,76397568,baseline,,,2026-10-05 02:54:17,anomaly,"active_connections,messages_per_second,message_size",65,high,throttle
358,51,0.54147714966428,55,,,,,2.9,54.8,23063552,76407808,baseline,,,2026-10-05 02:54:18,anomaly,"active_connections,messages_per_second,message_size",65,high,throttle
359,51,0.54147714966428,55,,,,,7.3,54.8,23065600,76419072,baseline,,,2026-10-05 02:54:19,anomaly,"active_connections,messages_per_second,message_size",65,high,throttle
360,51,0.54147714966428,55,,,,,8.0,54.9,23087104,76445696,baseline,,,2026-10-05 02:54:20,anomaly,"active_connections,messages_per_second,message_size",65,high,throttle
361,51,0.54147714966428,55,,,,,22.2,55.4,23113728,76459008,baseline,,,2026-10-05 02:54:21,anomaly,"active_connections,messages_per_second,message_size,cpu_usage",70,high,throttle
362,51,0.54147714966428,55,,,,,11.6,55.4,23129088,76468224,baseline,,,2026-10-05 02:54:22,anomaly,"active_connections,messages_per_second,message_size",65,high,throttle
363,51,0.54147714966428,55,,,,,12.5,55.3,23133184,76478464,baseline,,,2026-10-05 02:54:23,anomaly,"active_connections,messages_per_second,message_size",65,high,throttle
364,51,0.54147714966428,55,,,,,15.6,55.3,23138304,76484608,baseline,,,2026-10-05 02:54:25,anomaly,"active_connections,messages_per_second,message_size",65,high,throttle
365,51,0.54147714966428,55,,,,,7.8,55.2,23140352,76496896,baseline,,,2026-10-05 02:54:26,anomaly,"active_connections,messages_per_second,message_size",65,high,throttle
366,51,0.54147714966428,55,,,,,7.3,54.4,23152640,76513280,baseline,,,2026-10-05 02:54:27,anomaly,"active_connections,messages_per_second,message_size",65,high,throttle
367,51,0.54147714966428,55,,,,,3.0,54.1,23155712,76528640,baseline,,,2026-10-05 02:54:28,anomaly,"active_connections,messages_per_second,message_size",65,high,throttle
368,51,0.54147714966428,55,,,,,1.5,54.0,23156736,76536832,baseline,,,2026-10-05 02:54:29,anomaly,"active_connections,messages_per_second,message_size",65,high,throttle
369,51,0.54147714966428,55,,,,,9.3,55.1,23168000,76556288,baseline,,,2026-10-05 02:54:30,anomaly,"active_connections,messages_per_second,message_size",65,high,throttle
370,51,0.54147714966428,55,,,,,10.3,54.8,23212032,76581888,baseline,,,2026-10-05 02:54:31,anomaly,"active_connections,messages_per_second,message_size",65,high,throttle
371,51,0.54147714966428,55,,,,,10.9,55.1,23213056,76590080,baseline,,,2026-10-05 02:54:32,anomaly,"active_connections,messages_per_second,message_size",65,high,throttle
372,51,0.54147714966428,55,,,,,13.2,54.7,23214080,76599296,baseline,,,2026-10-05 02:54:33,anomaly,"active_connections,messages_per_second,message_size",65,high,throttle
373,51,0.54147714966428,55,,,,,10.8,54.9,23215104,76607488,baseline,,,2026-10-05 02:54:34,anomaly,"active_connections,messages_per_second,message_size",65,high,throttle
374,51,0.54147714966428,55,,,,,6.5,54.8,23216128,76613632,baseline,,,2026-10-05 02:54:35,anomaly,"active_connections,messages_per_second,message_size",65,high,throttle
375,51,0.54147714966428,55,,,,,4.4,54.6,23218176,76623872,baseline,,,2026-10-05 02:54:36,anomaly,"active_connections,messages_per_second,message_size",65,high,throttle
376,51,0.54147714966428,55,,,,,1.0,54.7,23219200,76631040,baseline,,,2026-10-05 02:54:37,anomaly,"active_connections,messages_per_second,message_size",65,high,throttle
377,51,0.54147714966428,55,,,,,1.0,54.4,23221248,76638208,baseline,,,2026-10-05 02:54:38,anomaly,"active_connections,messages_per_second,message_size",65,high,throttle
378,51,0.54147714966428,55,,,,,7.7,54.8,23222272,76642304,baseline,,,2026-10-05 02:54:40,anomaly,"active_connections,messages_per_second,message_size",65,high,throttle
379,51,0.54147714966428,55,,,,,6.4,54.8,23223296,76645376,baseline,,,2026-10-05 02:54:41,anomaly,"active_connections,messages_per_second,message_size",65,high,throttle
380,51,0.54147714966428,55,,,,,17.4,54.8,23225344,76653568,baseline,,,2026-10-05 02:54:42,anomaly,"active_connections,messages_per_second,message_size",65,high,throttle
381,51,0.54147714966428,55,,,,,16.6,55.2,23228416,76665856,baseline,,,2026-10-05 02:54:43,anomaly,"active_connections,messages_per_second,message_size",65,high,throttle
382,51,0.54147714966428,55,,,,,9.3,55.2,23234560,76688384,baseline,,,2026-10-05 02:54:44,anomaly,"active_connections,messages_per_second,message_size",65,high,throttle
383,51,0.54147714966428,55,,,,,12.9,55.5,23248896,76707840,baseline,,,2026-10-05 02:54:45,anomaly,"active_connections,messages_per_second,message_size",65,high,throttle
384,51,0.54147714966428,55,,,,,20.3,55.2,23249920,76718080,baseline,,,2026-10-05 02:54:46,anomaly,"active_connections,messages_per_second,message_size",65,high,throttle
385,51,0.54147714966428,55,,,,,20.4,55.5,23265280,76736512,baseline,,,2026-10-05 02:54:47,anomaly,"active_connections,messages_per_second,message_size",65,high,throttle
386,51,0.54147714966428,55,,,,,3.9,55.5,23270400,76745728,baseline,,,2026-10-05 02:54:48,anomaly,"active_connections,messages_per_second,message_size",65,high,throttle
387,51,0.54147714966428,55,,,,,9.1,55.0,23272448,76760064,baseline,,,2026-10-05 02:54:49,anomaly,"active_connections,messages_per_second,message_size",65,high,throttle
388,51,0.54147714966428,55,,,,,6.8,55.1,23278592,76777472,baseline,,,2026-10-05 02:54:50,anomaly,"active_connections,messages_per_second,message_size",65,high,throttle
389,51,0.54147714966428,55,,,,,7.8,54.0,23279616,76788736,baseline,,,2026-10-05 02:54:51,anomaly,"active_connections,messages_per_second,message_size",65,high,throttle
390,51,0.54147714966428,55,,,,,7.9,53.9,23280640,76804096,baseline,,,2026-10-05 02:54:52,anomaly,"active_connections,messages_per_second,message_size",65,high,throttle
391,51,0.54147714966428,55,,,,,11.2,53.8,23282688,76820480,baseline,,,2026-10-05 02:54:53,anomaly,"active_connections,messages_per_second,message_size",65,high,throttle
392,51,0.54147714966428,55,,,,,6.5,54.6,23284736,76833792,baseline,,,2026-10-05 02:54:54,anomaly,"active_connections,messages_per_second,message_size",65,high,throttle
393,51,0.54147714966428,55,,,,,7.3,54.6,23285760,76843008,baseline,,,2026-10-05 02:54:56,anomaly,"active_connections,messages_per_second,message_size",65,high,throttle
394,51,0.54147714966428,55,,,,,6.4,54.7,23287808,76857344,baseline,,,2026-10-05 02:54:57,anomaly,"active_connections,messages_per_second,message_size",65,high,throttle
395,51,0.54147714966428,55,,,,,1.4,54.7,23290880,76886016,baseline,,,2026-10-05 02:54:58,anomaly,"active_connections,messages_per_second,message_size",65,high,throttle
396,51,0.54147714966428,55,,,,,2.5,54.7,23296000,76902400,baseline,,,2026-10-05 02:54:59,anomaly,"active_connections,messages_per_second,message_size",65,high,throttle
397,51,0.54147714966428,55,,,,,14.3,54.7,23297024,76916736,baseline,,,2026-10-05 02:55:00,anomaly,"active_connections,messages_per_second,message_size",65,high,throttle
398,51,0.54147714966428,55,,,,,14.9,54.8,23297024,76918784,baseline,,,2026-10-05 02:55:00,anomaly,"active_connections,messages_per_second,message_size",65,high,throttle
399,51,0.54147714966428,55,,,,,9.5,55.6,23299072,76931072,baseline,,,2026-10-05 02:55:01,anomaly,"active_connections,messages_per_second,message_size",65,high,throttle
400,51,0.54147714966428,55,,,,,7.9,55.1,23301120,76939264,baseline,,,2026-10-05 02:55:02,anomaly,"active_connections,messages_per_second,message_size",65,high,throttle
401,51,0.54147714966428,55,,,,,5.4,55.5,23316480,76956672,baseline,,,2026-10-05 02:55:03,anomaly,"active_connections,messages_per_second,message_size",65,high,throttle
402,51,0.54147714966428,55,,,,,7.3,55.4,23331840,76973056,baseline,,,2026-10-05 02:55:04,anomaly,"active_connections,messages_per_second,message_size",65,high,throttle
403,51,0.54147714966428,55,,,,,8.7,55.3,23335936,76983296,baseline,,,2026-10-05 02:55:05,anomaly,"active_connections,messages_per_second,message_size",65,high,throttle
404,51,0.54147714966428,55,,,,,3.4,55.2,23341056,76993536,baseline,,,2026-10-05 02:55:06,anomaly,"active_connections,messages_per_second,message_size",65,high,throttle
405,51,0.54147714966428,55,,,,,12.1,54.8,23343104,77001728,baseline,,,2026-10-05 02:55:07,anomaly,"active_connections,messages_per_second,message_size",65,high,throttle
406,51,0.54147714966428,55,,,,,16.4,55.4,23344128,77012992,baseline,,,2026-10-05 02:55:09,anomaly,"active_connections,messages_per_second,message_size",65,high,throttle
407,51,0.54147714966428,55,,,,,12.7,55.2,23346176,77027328,baseline,,,2026-10-05 02:55:10,anomaly,"active_connections,messages_per_second,message_size",65,high,throttle
408,51,0.54147714966428,55,,,,,7.9,55.2,23347200,77035520,baseline,,,2026-10-05 02:55:11,anomaly,"active_connections,messages_per_second,message_size",65,high,throttle
409,51,0.54147714966428,55,,,,,7.7,54.3,23350272,77053952,baseline,,,2026-10-05 02:55:12,anomaly,"active_connections,messages_per_second,message_size",65,high,throttle
410,51,0.54147714966428,55,,,,,3.0,54.1,23352320,77065216,baseline,,,2026-10-05 02:55:13,anomaly,"active_connections,messages_per_second,message_size",65,high,throttle
411,51,0.54147714966428,55,,,,,2.0,53.8,23353344,77076480,baseline,,,2026-10-05 02:55:14,anomaly,"active_connections,messages_per_second,message_size",65,high,throttle
412,51,0.54147714966428,55,,,,,4.9,53.7,23354368,77083648,baseline,,,2026-10-05 02:55:15,anomaly,"active_connections,messages_per_second,message_size",65,high,throttle
413,51,0.54147714966428,55,,,,,5.5,54.3,23356416,77103104,baseline,,,2026-10-05 02:55:16,anomaly,"active_connections,messages_per_second,message_size",65,high,throttle
414,51,0.54147714966428,55,,,,,8.4,54.2,23359488,77118464,baseline,,,2026-10-05 02:55:17,anomaly,"active_connections,messages_per_second,message_size",65,high,throttle
415,51,0.54147714966428,55,,,,,10.8,54.1,23362560,77131776,baseline,,,2026-10-05 02:55:18,anomaly,"active_connections,messages_per_second,message_size",65,high,throttle
416,51,0.54147714966428,55,,,,,9.9,54.1,23364608,77148160,baseline,,,2026-10-05 02:55:19,anomaly,"active_connections,messages_per_second,message_size",65,high,throttle
417,51,0.54147714966428,55,,,,,10.0,54.0,23387136,77169664,baseline,,,2026-10-05 02:55:20,anomaly,"active_connections,messages_per_second,message_size",65,high,throttle
418,51,0.54147714966428,55,,,,,6.4,54.0,23742464,77203456,baseline,,,2026-10-05 02:55:21,anomaly,"active_connections,messages_per_second,message_size",65,high,throttle
419,51,0.54147714966428,55,,,,,1.9,54.0,23745536,77217792,baseline,,,2026-10-05 02:55:23,anomaly,"active_connections,messages_per_second,message_size",65,high,throttle
420,51,0.54147714966428,55,,,,,7.9,55.4,23747584,77235200,baseline,,,2026-10-05 02:55:24,anomaly,"active_connections,messages_per_second,message_size",65,high,throttle
421,51,0.54147714966428,55,,,,,6.5,54.9,23748608,77250560,baseline,,,2026-10-05 02:55:25,anomaly,"active_connections,messages_per_second,message_size",65,high,throttle
422,51,0.54147714966428,55,,,,,8.3,54.7,23750656,77260800,baseline,,,2026-10-05 02:55:26,anomaly,"active_connections,messages_per_second,message_size",65,high,throttle
423,51,0.54147714966428,55,,,,,11.4,54.3,23754752,77272064,baseline,,,2026-10-05 02:55:27,anomaly,"active_connections,messages_per_second,message_size",65,high,throttle
424,51,0.54147714966428,55,,,,,13.7,54.1,23756800,77285376,baseline,,,2026-10-05 02:55:28,anomaly,"active_connections,messages_per_second,message_size",65,high,throttle
425,51,0.54147714966428,55,,,,,10.3,55.2,23762944,77371392,baseline,,,2026-10-05 02:55:29,anomaly,"active_connections,messages_per_second,message_size",65,high,throttle
426,51,0.54147714966428,55,,,,,7.8,55.0,23766016,77387776,baseline,,,2026-10-05 02:55:30,anomaly,"active_connections,messages_per_second,message_size",65,high,throttle
427,51,0.54147714966428,55,,,,,5.9,54.9,23768064,77400064,baseline,,,2026-10-05 02:55:31,anomaly,"active_connections,messages_per_second,message_size",65,high,throttle
428,51,0.54147714966428,55,,,,,11.7,54.9,23771136,77411328,baseline,,,2026-10-05 02:55:32,anomaly,"active_connections,messages_per_second,message_size",65,high,throttle
429,51,0.54147714966428,55,,,,,5.9,54.7,23772160,77416448,baseline,,,2026-10-05 02:55:33,anomaly,"active_connections,messages_per_second,message_size",65,high,throttle
430,51,0.54147714966428,55,,,,,12.2,54.8,23774208,77424640,baseline,,,2026-10-05 02:55:34,anomaly,"active_connections,messages_per_second,message_size",65,high,throttle
431,51,0.54147714966428,55,,,,,10.3,54.9,23775232,77432832,baseline,,,2026-10-05 02:55:35,anomaly,"active_connections,messages_per_second,message_size",65,high,throttle
432,51,0.54147714966428,55,,,,,8.3,54.1,23776256,77441024,baseline,,,2026-10-05 02:55:36,anomaly,"active_connections,messages_per_second,message_size",65,high,throttle
433,51,0.54147714966428,55,,,,,6.3,54.0,23778304,77452288,baseline,,,2026-10-05 02:55:37,anomaly,"active_connections,messages_per_second,message_size",65,high,throttle
434,51,0.54147714966428,55,,,,,6.3,54.1,23779328,77460480,baseline,,,2026-10-05 02:55:39,anomaly,"active_connections,messages_per_second,message_size",65,high,throttle
435,51,0.54147714966428,55,,,,,9.1,54.6,23780352,77468672,baseline,,,2026-10-05 02:55:40,anomaly,"active_connections,messages_per_second,message_size",65,high,throttle
436,51,0.54147714966428,55,,,,,4.3,54.6,23782400,77473792,baseline,,,2026-10-05 02:55:41,anomaly,"active_connections,messages_per_second,message_size",65,high,throttle
437,51,0.54147714966428,55,,,,,16.1,54.6,23783424,77480960,baseline,,,2026-10-05 02:55:42,anomaly,"active_connections,messages_per_second,message_size",65,high,throttle
438,51,0.54147714966428,55,,,,,11.6,54.5,23786496,77489152,baseline,,,2026-10-05 02:55:43,anomaly,"active_connections,messages_per_second,message_size",65,high,throttle
439,51,0.54147714966428,55,,,,,11.6,54.5,23790592,77501440,baseline,,,2026-10-05 02:55:44,anomaly,"active_connections,messages_per_second,message_size",65,high,throttle
440,51,0.54147714966428,55,,,,,8.8,54.5,23791616,77510656,baseline,,,2026-10-05 02:55:45,anomaly,"active_connections,messages_per_second,message_size",65,high,throttle
441,51,0.54147714966428,55,,,,,8.4,54.4,23794688,77527040,baseline,,,2026-10-05 02:55:46,anomaly,"active_connections,messages_per_second,message_size",65,high,throttle
442,51,0.54147714966428,55,,,,,8.4,54.4,23795712,77537280,baseline,,,2026-10-05 02:55:47,anomaly,"active_connections,messages_per_second,message_size",65,high,throttle
443,51,0.54147714966428,55,,,,,3.4,54.0,23799808,77548544,baseline,,,2026-10-05 02:55:48,anomaly,"active_connections,messages_per_second,message_size",65,high,throttle
444,51,0.54147714966428,55,,,,,3.4,54.0,23800832,77559808,baseline,,,2026-10-05 02:55:49,anomaly,"active_connections,messages_per_second,message_size",65,high,throttle
445,51,0.54147714966428,55,,,,,4.4,54.4,23801856,77565952,baseline,,,2026-10-05 02:55:50,anomaly,"active_connections,messages_per_second,message_size",65,high,throttle
446,51,0.54147714966428,55,,,,,11.7,54.7,23802880,77572096,baseline,,,2026-10-05 02:55:51,anomaly,"active_connections,messages_per_second,message_size",65,high,throttle
447,51,0.54147714966428,55,,,,,13.7,54.8,23808000,77587456,baseline,,,2026-10-05 02:55:52,anomaly,"active_connections,messages_per_second,message_size",65,high,throttle
448,51,0.54147714966428,55,,,,,10.3,54.7,23809024,77595648,baseline,,,2026-10-05 02:55:53,anomaly,"active_connections,messages_per_second,message_size",65,high,throttle
449,51,0.54147714966428,55,,,,,17.0,53.9,23810048,77599744,baseline,,,2026-10-05 02:55:55,anomaly,"active_connections,messages_per_second,message_size",65,high,throttle
450,51,0.54147714966428,55,,,,,15.6,54.5,23811072,77605888,baseline,,,2026-10-05 02:55:56,anomaly,"active_connections,messages_per_second,message_size",65,high,throttle
451,51,0.54147714966428,55,,,,,16.9,54.8,23813120,77617152,baseline,,,2026-10-05 02:55:57,anomaly,"active_connections,messages_per_second,message_size",65,high,throttle
452,51,0.54147714966428,55,,,,,4.4,54.6,23815168,77625344,baseline,,,2026-10-05 02:55:58,anomaly,"active_connections,messages_per_second,message_size",65,high,throttle
453,51,0.54147714966428,55,,,,,9.4,55.1,23852032,77635584,baseline,,,2026-10-05 02:55:59,anomaly,"active_connections,messages_per_second,message_size",65,high,throttle
454,51,0.54147714966428,55,,,,,17.6,54.9,23856128,77645824,baseline,,,2026-10-05 02:56:00,anomaly,"active_connections,messages_per_second,message_size",65,high,throttle
455,51,0.54147714966428,55,,,,,12.7,55.1,23858176,77661184,baseline,,,2026-10-05 02:56:01,anomaly,"active_connections,messages_per_second,message_size",65,high,throttle
456,51,0.54147714966428,55,,,,,8.4,54.9,23863296,77675520,baseline,,,2026-10-05 02:56:02,anomaly,"active_connections,messages_per_second,message_size",65,high,throttle
457,51,0.54147714966428,55,,,,,10.4,54.0,23865344,77688832,baseline,,,2026-10-05 02:56:03,anomaly,"active_connections,messages_per_second,message_size",65,high,throttle
458,51,0.54147714966428,55,,,,,10.4,53.8,23866368,77698048,baseline,,,2026-10-05 02:56:04,anomaly,"active_connections,messages_per_second,message_size",65,high,throttle
459,51,0.54147714966428,55,,,,,12.6,55.2,23869440,77716480,baseline,,,2026-10-05 02:56:05,anomaly,"active_connections,messages_per_second,message_size",65,high,throttle
460,51,0.54147714966428,55,,,,,5.3,54.6,23871488,77726720,baseline,,,2026-10-05 02:56:06,anomaly,"active_connections,messages_per_second,message_size",65,high,throttle
461,51,0.54147714966428,55,,,,,2.5,53.8,23872512,77733888,baseline,,,2026-10-05 02:56:08,anomaly,"active_connections,messages_per_second,message_size",65,high,throttle
462,51,0.54147714966428,55,,,,,0.5,53.7,23873536,77742080,baseline,,,2026-10-05 02:56:09,anomaly,"active_connections,messages_per_second,message_size",65,high,throttle
463,51,0.54147714966428,55,,,,,9.8,53.6,23875584,77752320,baseline,,,2026-10-05 02:56:10,anomaly,"active_connections,messages_per_second,message_size",65,high,throttle
464,51,0.54147714966428,55,,,,,5.9,54.7,23877632,77761536,baseline,,,2026-10-05 02:56:11,anomaly,"active_connections,messages_per_second,message_size",65,high,throttle
465,51,0.54147714966428,55,,,,,9.8,54.4,23878656,77772800,baseline,,,2026-10-05 02:56:12,anomaly,"active_connections,messages_per_second,message_size",65,high,throttle
466,51,0.54147714966428,55,,,,,8.4,54.5,23881728,77788160,baseline,,,2026-10-05 02:56:13,anomaly,"active_connections,messages_per_second,message_size",65,high,throttle
467,51,0.54147714966428,55,,,,,12.3,54.2,23882752,77801472,baseline,,,2026-10-05 02:56:14,anomaly,"active_connections,messages_per_second,message_size",65,high,throttle
468,51,0.54147714966428,55,,,,,6.4,54.5,23885824,77828096,baseline,,,2026-10-05 02:56:15,anomaly,"active_connections,messages_per_second,message_size",65,high,throttle
469,51,0.54147714966428,55,,,,,5.3,54.2,23886848,77840384,baseline,,,2026-10-05 02:56:16,anomaly,"active_connections,messages_per_second,message_size",65,high,throttle
470,51,0.54147714966428,55,,,,,2.0,54.4,23887872,77850624,baseline,,,2026-10-05 02:56:17,anomaly,"active_connections,messages_per_second,message_size",65,high,throttle
471,51,0.54147714966428,55,,,,,4.4,54.4,23889920,77863936,baseline,,,2026-10-05 02:56:18,anomaly,"active_connections,messages_per_second,message_size",65,high,throttle
472,51,0.54147714966428,55,,,,,6.7,54.4,23891968,77875200,baseline,,,2026-10-05 02:56:19,anomaly,"active_connections,messages_per_second,message_size",65,high,throttle
473,51,0.54147714966428,55,,,,,9.4,54.2,23892992,77882368,baseline,,,2026-10-05 02:56:20,anomaly,"active_connections,messages_per_second,message_size",65,high,throttle
474,51,0.54147714966428,55,,,,,10.4,54.4,23913472,77906944,baseline,,,2026-10-05 02:56:21,anomaly,"active_connections,messages_per_second,message_size",65,high,throttle
475,51,0.54147714966428,55,,,,,8.4,54.0,23914496,77915136,baseline,,,2026-10-05 02:56:22,anomaly,"active_connections,messages_per_second,message_size",65,high,throttle
476,51,0.54147714966428,55,,,,,16.2,54.9,23916544,77925376,baseline,,,2026-10-05 02:56:24,anomaly,"active_connections,messages_per_second,message_size",65,high,throttle
477,51,0.54147714966428,55,,,,,11.9,54.8,23917568,77929472,baseline,,,2026-10-05 02:56:25,anomaly,"active_connections,messages_per_second,message_size",65,high,throttle
478,51,0.54147714966428,55,,,,,4.4,55.0,23920640,77939712,baseline,,,2026-10-05 02:56:26,anomaly,"active_connections,messages_per_second,message_size",65,high,throttle
479,51,0.54147714966428,55,,,,,2.0,54.2,23931904,77948928,baseline,,,2026-10-05 02:56:27,anomaly,"active_connections,messages_per_second,message_size",65,high,throttle
480,51,0.54147714966428,55,,,,,4.9,55.2,23933952,77964288,baseline,,,2026-10-05 02:56:28,anomaly,"active_connections,messages_per_second,message_size",65,high,throttle
481,51,0.54147714966428,55,,,,,13.7,54.8,23937024,77980672,baseline,,,2026-10-05 02:56:29,anomaly,"active_connections,messages_per_second,message_size",65,high,throttle
482,51,0.54147714966428,55,,,,,9.9,54.6,23938048,77988864,baseline,,,2026-10-05 02:56:30,anomaly,"active_connections,messages_per_second,message_size",65,high,throttle
483,51,0.54147714966428,55,,,,,11.8,54.8,23939072,78001152,baseline,,,2026-10-05 02:56:31,anomaly,"active_connections,messages_per_second,message_size",65,high,throttle
484,51,0.54147714966428,55,,,,,17.0,54.8,23945216,78018560,baseline,,,2026-10-05 02:56:32,anomaly,"active_connections,messages_per_second,message_size",65,high,throttle
485,51,0.54147714966428,55,,,,,15.3,54.9,23947264,78028800,baseline,,,2026-10-05 02:56:33,anomaly,"active_connections,messages_per_second,message_size",65,high,throttle
486,51,0.54147714966428,55,,,,,5.0,54.8,23950336,78049280,baseline,,,2026-10-05 02:56:34,anomaly,"active_connections,messages_per_second,message_size",65,high,throttle
487,51,0.54147714966428,55,,,,,7.3,55.0,23951360,78064640,baseline,,,2026-10-05 02:56:35,anomaly,"active_connections,messages_per_second,message_size",65,high,throttle
488,51,0.54147714966428,55,,,,,5.9,54.8,23953408,78076928,baseline,,,2026-10-05 02:56:36,anomaly,"active_connections,messages_per_second,message_size",65,high,throttle
489,51,0.54147714966428,55,,,,,7.4,54.4,23966720,78091264,baseline,,,2026-10-05 02:56:37,anomaly,"active_connections,messages_per_second,message_size",65,high,throttle
490,51,0.54147714966428,55,,,,,7.7,54.3,23967744,78099456,baseline,,,2026-10-05 02:56:39,anomaly,"active_connections,messages_per_second,message_size",65,high,throttle
491,51,0.54147714966428,55,,,,,10.3,54.2,23968768,78105600,baseline,,,2026-10-05 02:56:40,anomaly,"active_connections,messages_per_second,message_size",65,high,throttle
492,51,0.54147714966428,55,,,,,16.2,54.7,24024064,78197760,baseline,,,2026-10-05 02:56:41,anomaly,"active_connections,messages_per_second,message_size",65,high,throttle
493,51,0.54147714966428,55,,,,,18.7,55.3,24100864,78221312,baseline,,,2026-10-05 02:56:42,anomaly,"active_connections,messages_per_second,message_size",65,high,throttle
494,51,0.54147714966428,55,,,,,18.7,55.3,24105984,78232576,baseline,,,2026-10-05 02:56:43,anomaly,"active_connections,messages_per_second,message_size",65,high,throttle
495,51,0.54147714966428,55,,,,,21.4,55.3,24111104,78242816,baseline,,,2026-10-05 02:56:44,anomaly,"active_connections,messages_per_second,message_size",65,high,throttle
496,51,0.54147714966428,55,,,,,9.9,54.8,24114176,78251008,baseline,,,2026-10-05 02:56:45,anomaly,"active_connections,messages_per_second,message_size",65,high,throttle
497,51,0.54147714966428,55,,,,,10.3,54.9,24116224,78257152,baseline,,,2026-10-05 02:56:46,anomaly,"active_connections,messages_per_second,message_size",65,high,throttle
498,51,0.54147714966428,55,,,,,11.6,54.7,24117248,78263296,baseline,,,2026-10-05 02:56:47,anomaly,"active_connections,messages_per_second,message_size",65,high,throttle
499,51,0.54147714966428,55,,,,,11.7,54.6,24120320,78271488,baseline,,,2026-10-05 02:56:48,anomaly,"active_connections,messages_per_second,message_size",65,high,throttle
500,51,0.54147714966428,55,,,,,30.2,54.9,24121344,78281728,baseline,,,2026-10-05 02:56:49,anomaly,"active_connections,messages_per_second,message_size,cpu_usage",70,high,throttle
501,51,0.54147714966428,55,,,,,7.5,55.0,24144896,78301184,baseline,,,2026-10-05 02:56:50,anomaly,"active_connections,messages_per_second,message_size",65,high,throttle
502,51,0.54147714966428,55,,,,,9.4,54.8,24147968,78312448,baseline,,,2026-10-05 02:56:51,anomaly,"active_connections,messages_per_second,message_size",65,high,throttle
503,51,0.54147714966428,55,,,,,14.2,54.7,24150016,78327808,baseline,,,2026-10-05 02:56:52,anomaly,"active_connections,messages_per_second,message_size",65,high,throttle
504,51,0.54147714966428,55,,,,,10.1,54.6,24153088,78341120,baseline,,,2026-10-05 02:56:54,anomaly,"active_connections,messages_per_second,message_size",65,high,throttle
505,51,0.54147714966428,55,,,,,10.9,55.0,24155136,78345216,baseline,,,2026-10-05 02:56:55,anomaly,"active_connections,messages_per_second,message_size",65,high,throttle
506,51,0.54147714966428,55,,,,,11.4,55.2,24222720,78366720,baseline,,,2026-10-05 02:56:56,anomaly,"active_connections,messages_per_second,message_size",65,high,throttle
507,51,0.54147714966428,55,,,,,11.7,54.7,24225792,78376960,baseline,,,2026-10-05 02:56:57,anomaly,"active_connections,messages_per_second,message_size",65,high,throttle
508,51,0.54147714966428,55,,,,,17.6,55.0,24251392,78393344,baseline,,,2026-10-05 02:56:58,anomaly,"active_connections,messages_per_second,message_size",65,high,throttle
509,51,0.54147714966428,55,,,,,12.4,55.2,24252416,78401536,baseline,,,2026-10-05 02:56:59,anomaly,"active_connections,messages_per_second,message_size",65,high,throttle
510,51,0.54147714966428,55,,,,,5.9,54.8,24257536,78413824,baseline,,,2026-10-05 02:57:00,anomaly,"active_connections,messages_per_second,message_size",65,high,throttle
511,51,0.54147714966428,55,,,,,8.5,54.8,24258560,78418944,baseline,,,2026-10-05 02:57:01,anomaly,"active_connections,messages_per_second,message_size",65,high,throttle
512,51,0.54147714966428,55,,,,,17.2,54.9,24262656,78427136,baseline,,,2026-10-05 02:57:02,anomaly,"active_connections,messages_per_second,message_size",65,high,throttle
513,51,0.54147714966428,55,,,,,13.2,54.7,24264704,78435328,baseline,,,2026-10-05 02:57:03,anomaly,"active_connections,messages_per_second,message_size",65,high,throttle
514,51,0.54147714966428,55,,,,,10.2,54.7,24269824,78447616,baseline,,,2026-10-05 02:57:04,anomaly,"active_connections,messages_per_second,message_size",65,high,throttle
515,51,0.54147714966428,55,,,,,6.9,54.4,24270848,78455808,baseline,,,2026-10-05 02:57:05,anomaly,"active_connections,messages_per_second,message_size",65,high,throttle
516,51,0.54147714966428,55,,,,,11.4,54.9,24275968,78464000,baseline,,,2026-10-05 02:57:06,anomaly,"active_connections,messages_per_second,message_size",65,high,throttle
517,51,0.54147714966428,55,,,,,4.9,54.8,24305664,78491648,baseline,,,2026-10-05 02:57:07,anomaly,"active_connections,messages_per_second,message_size",65,high,throttle
518,51,0.54147714966428,55,,,,,7.2,55.0,24324096,78508032,baseline,,,2026-10-05 02:57:09,anomaly,"active_connections,messages_per_second,message_size",65,high,throttle
519,51,0.54147714966428,55,,,,,6.8,54.9,24329216,78517248,baseline,,,2026-10-05 02:57:10,anomaly,"active_connections,messages_per_second,message_size",65,high,throttle
520,51,0.54147714966428,55,,,,,7.4,54.8,24345600,78540800,baseline,,,2026-10-05 02:57:11,anomaly,"active_connections,messages_per_second,message_size",65,high,throttle
521,51,0.54147714966428,55,,,,,11.7,53.8,24360960,78558208,baseline,,,2026-10-05 02:57:12,anomaly,"active_connections,messages_per_second,message_size",65,high,throttle
522,51,0.54147714966428,55,,,,,8.9,54.5,24364032,78569472,baseline,,,2026-10-05 02:57:13,anomaly,"active_connections,messages_per_second,message_size",65,high,throttle
523,51,0.54147714966428,55,,,,,9.0,53.9,24369152,78580736,baseline,,,2026-10-05 02:57:14,anomaly,"active_connections,messages_per_second,message_size",65,high,throttle
524,51,0.54147714966428,55,,,,,5.4,53.8,24370176,78590976,baseline,,,2026-10-05 02:57:15,anomaly,"active_connections,messages_per_second,message_size",65,high,throttle
525,51,0.54147714966428,55,,,,,6.0,54.1,24377344,78611456,baseline,,,2026-10-05 02:57:16,anomaly,"active_connections,messages_per_second,message_size",65,high,throttle
526,51,0.54147714966428,55,,,,,10.8,54.5,24378368,78620672,baseline,,,2026-10-05 02:57:17,anomaly,"active_connections,messages_per_second,message_size",65,high,throttle
527,51,0.54147714966428,55,,,,,11.1,54.2,24382464,78633984,baseline,,,2026-10-05 02:57:18,anomaly,"active_connections,messages_per_second,message_size",65,high,throttle
528,51,0.54147714966428,55,,,,,17.2,54.5,24384512,78641152,baseline,,,2026-10-05 02:57:19,anomaly,"active_connections,messages_per_second,message_size",65,high,throttle
529,51,0.54147714966428,55,,,,,13.9,55.2,24389632,78654464,baseline,,,2026-10-05 02:57:20,anomaly,"active_connections,messages_per_second,message_size",65,high,throttle
530,51,0.54147714966428,55,,,,,16.4,55.3,24432640,78668800,baseline,,,2026-10-05 02:57:21,anomaly,"active_connections,messages_per_second,message_size",65,high,throttle
531,51,0.54147714966428,55,,,,,10.4,54.8,24463360,78714880,baseline,,,2026-10-05 02:57:22,anomaly,"active_connections,messages_per_second,message_size",65,high,throttle
532,51,0.54147714966428,55,,,,,12.2,54.8,24465408,78722048,baseline,,,2026-10-05 02:57:24,anomaly,"active_connections,messages_per_second,message_size",65,high,throttle
533,51,0.54147714966428,55,,,,,8.8,54.3,24470528,78732288,baseline,,,2026-10-05 02:57:25,anomaly,"active_connections,messages_per_second,message_size",65,high,throttle
534,51,0.54147714966428,55,,,,,8.4,54.3,24474624,78744576,baseline,,,2026-10-05 02:57:26,anomaly,"active_connections,messages_per_second,message_size",65,high,throttle
535,51,0.54147714966428,55,,,,,7.2,54.1,24478720,78761984,baseline,,,2026-10-05 02:57:27,anomaly,"active_connections,messages_per_second,message_size",65,high,throttle
536,51,0.54147714966428,55,,,,,7.9,54.0,24489984,78778368,baseline,,,2026-10-05 02:57:28,anomaly,"active_connections,messages_per_second,message_size",65,high,throttle
537,51,0.54147714966428,55,,,,,11.2,54.8,24491008,78787584,baseline,,,2026-10-05 02:57:29,anomaly,"active_connections,messages_per_second,message_size",65,high,throttle
538,51,0.54147714966428,55,,,,,13.3,54.8,24496128,78798848,baseline,,,2026-10-05 02:57:30,anomaly,"active_connections,messages_per_second,message_size",65,high,throttle
539,51,0.54147714966428,55,,,,,14.9,54.3,24512512,78808064,baseline,,,2026-10-05 02:57:31,anomaly,"active_connections,messages_per_second,message_size",65,high,throttle
540,51,0.54147714966428,55,,,,,12.8,54.8,24519680,78818304,baseline,,,2026-10-05 02:57:32,anomaly,"active_connections,messages_per_second,message_size",65,high,throttle
541,51,0.54147714966428,55,,,,,10.7,54.8,24521728,78829568,baseline,,,2026-10-05 02:57:33,anomaly,"active_connections,messages_per_second,message_size",65,high,throttle
542,51,0.54147714966428,55,,,,,11.7,55.5,24535040,78849024,baseline,,,2026-10-05 02:57:34,anomaly,"active_connections,messages_per_second,message_size",65,high,throttle
543,51,0.54147714966428,55,,,,,8.3,55.3,24548352,78873600,baseline,,,2026-10-05 02:57:35,anomaly,"active_connections,messages_per_second,message_size",65,high,throttle
544,51,0.54147714966428,55,,,,,11.2,55.0,24553472,78882816,baseline,,,2026-10-05 02:57:36,anomaly,"active_connections,messages_per_second,message_size",65,high,throttle
545,51,0.54147714966428,55,,,,,10.3,55.6,24596480,78899200,baseline,,,2026-10-05 02:57:37,anomaly,"active_connections,messages_per_second,message_size",65,high,throttle
546,51,0.54147714966428,55,,,,,14.8,55.5,24604672,78915584,baseline,,,2026-10-05 02:57:39,anomaly,"active_connections,messages_per_second,message_size",65,high,throttle
547,51,0.54147714966428,55,,,,,11.8,55.8,24609792,78935040,baseline,,,2026-10-05 02:57:40,anomaly,"active_connections,messages_per_second,message_size",65,high,throttle
548,51,0.54147714966428,55,,,,,32.2,55.2,24626176,78950400,baseline,,,2026-10-05 02:57:41,anomaly,"active_connections,messages_per_second,message_size,cpu_usage",70,high,throttle
549,51,0.54147714966428,55,,,,,16.1,55.3,24632320,78968832,baseline,,,2026-10-05 02:57:42,anomaly,"active_connections,messages_per_second,message_size",65,high,throttle
550,51,0.54147714966428,55,,,,,8.3,55.0,24636416,78982144,baseline,,,2026-10-05 02:57:43,anomaly,"active_connections,messages_per_second,message_size",65,high,throttle
551,51,0.54147714966428,55,,,,,7.5,54.5,24640512,78995456,baseline,,,2026-10-05 02:57:44,anomaly,"active_connections,messages_per_second,message_size",65,high,throttle
552,51,0.54147714966428,55,,,,,2.5,54.8,24644608,79007744,baseline,,,2026-10-05 02:57:45,anomaly,"active_connections,messages_per_second,message_size",65,high,throttle
553,51,0.54147714966428,55,,,,,5.9,54.3,24648704,79016960,baseline,,,2026-10-05 02:57:46,anomaly,"active_connections,messages_per_second,message_size",65,high,throttle
554,51,0.54147714966428,55,,,,,10.2,54.8,24649728,79026176,baseline,,,2026-10-05 02:57:47,anomaly,"active_connections,messages_per_second,message_size",65,high,throttle
555,51,0.54147714966428,55,,,,,7.4,54.8,24654848,79036416,baseline,,,2026-10-05 02:57:48,anomaly,"active_connections,messages_per_second,message_size",65,high,throttle
556,51,0.54147714966428,55,,,,,10.3,54.4,24656896,79048704,baseline,,,2026-10-05 02:57:49,anomaly,"active_connections,messages_per_second,message_size",65,high,throttle
557,51,0.54147714966428,55,,,,,12.4,54.4,24662016,79059968,baseline,,,2026-10-05 02:57:50,anomaly,"active_connections,messages_per_second,message_size",65,high,throttle
558,51,0.54147714966428,55,,,,,32.8,54.8,24664064,79072256,baseline,,,2026-10-05 02:57:51,anomaly,"active_connections,messages_per_second,message_size,cpu_usage",70,high,throttle
559,51,0.54147714966428,55,,,,,11.5,55.4,24668160,79084544,baseline,,,2026-10-05 02:57:53,anomaly,"active_connections,messages_per_second,message_size",65,high,throttle
560,51,0.54147714966428,55,,,,,8.3,54.9,24670208,79094784,baseline,,,2026-10-05 02:57:54,anomaly,"active_connections,messages_per_second,message_size",65,high,throttle
561,51,0.54147714966428,55,,,,,12.3,54.9,24675328,79105024,baseline,,,2026-10-05 02:57:55,anomaly,"active_connections,messages_per_second,message_size",65,high,throttle
562,51,0.54147714966428,55,,,,,11.3,55.3,24707072,79122432,baseline,,,2026-10-05 02:57:56,anomaly,"active_connections,messages_per_second,message_size",65,high,throttle
563,51,0.54147714966428,55,,,,,20.6,55.1,24709120,79133696,baseline,,,2026-10-05 02:57:57,anomaly,"active_connections,messages_per_second,message_size",65,high,throttle
564,51,0.54147714966428,55,,,,,24.9,55.0,24710144,79143936,baseline,,,2026-10-05 02:57:58,anomaly,"active_connections,messages_per_second,message_size,cpu_usage",70,high,throttle
565,51,0.54147714966428,55,,,,,15.2,55.4,24711168,79152128,baseline,,,2026-10-05 02:57:59,anomaly,"active_connections,messages_per_second,message_size",65,high,throttle
566,51,0.54147714966428,55,,,,,14.9,55.3,24716288,79164416,baseline,,,2026-10-05 02:58:00,anomaly,"active_connections,messages_per_second,message_size",65,high,throttle
567,51,0.54147714966428,55,,,,,15.3,55.2,24718336,79171584,baseline,,,2026-10-05 02:58:01,anomaly,"active_connections,messages_per_second,message_size",65,high,throttle
568,51,0.54147714966428,55,,,,,7.9,55.1,24778752,79188992,baseline,,,2026-10-05 02:58:02,anomaly,"active_connections,messages_per_second,message_size",65,high,throttle
569,51,0.54147714966428,55,,,,,9.9,55.0,24780800,79201280,baseline,,,2026-10-05 02:58:03,anomaly,"active_connections,messages_per_second,message_size",65,high,throttle
570,52,0.54147714966428,55,,,,,3.9,55.0,24817664,79246336,baseline,,,2026-10-05 02:58:04,anomaly,"active_connections,messages_per_second,message_size",65,high,throttle
571,52,0.54147714966428,55,,,,,1.0,54.7,24819712,79257600,baseline,,,2026-10-05 02:58:05,anomaly,"active_connections,messages_per_second,message_size",65,high,throttle
572,54,0.54147714966428,55,,,,,11.8,54.8,24856576,79302656,baseline,,,2026-10-05 02:58:06,anomaly,"active_connections,messages_per_second,message_size",65,high,throttle
573,55,0.54147714966428,55,,,,,14.7,54.9,24924160,79387648,baseline,,,2026-10-05 02:58:07,anomaly,"active_connections,messages_per_second,message_size",65,high,throttle
574,55,0.54147714966428,55,,,,,9.7,54.6,24926208,79400960,baseline,,,2026-10-05 02:58:09,anomaly,"active_connections,messages_per_second,message_size",65,high,throttle
575,55,0.54147714966428,55,,,,,26.6,54.7,24932352,79410176,baseline,,,2026-10-05 02:58:10,anomaly,"active_connections,messages_per_second,message_size,cpu_usage",70,high,throttle
576,55,0.54147714966428,55,,,,,10.2,54.8,24973312,79447040,baseline,,,2026-10-05 02:58:11,anomaly,"active_connections,messages_per_second,message_size",65,high,throttle
577,55,0.54147714966428,55,,,,,5.4,54.7,24981504,79463424,baseline,,,2026-10-05 02:58:12,anomaly,"active_connections,messages_per_second,message_size",65,high,throttle
578,55,0.54147714966428,55,,,,,3.4,54.7,24982528,79473664,baseline,,,2026-10-05 02:58:13,anomaly,"active_connections,messages_per_second,message_size",65,high,throttle
579,55,0.54147714966428,55,,,,,0.5,54.8,24988672,79485952,baseline,,,2026-10-05 02:58:14,anomaly,"active_connections,messages_per_second,message_size",65,high,throttle
580,55,0.54147714966428,55,,,,,4.8,54.5,24991744,79497216,baseline,,,2026-10-05 02:58:15,anomaly,"active_connections,messages_per_second,message_size",65,high,throttle
581,55,0.54147714966428,55,,,,,6.4,54.7,24997888,79509504,baseline,,,2026-10-05 02:58:16,anomaly,"active_connections,messages_per_second,message_size",65,high,throttle
582,55,0.54147714966428,55,,,,,7.9,54.7,25016320,79535104,baseline,,,2026-10-05 02:58:17,anomaly,"active_connections,messages_per_second,message_size",65,high,throttle
583,55,0.54147714966428,55,,,,,9.0,54.8,25020416,79548416,baseline,,,2026-10-05 02:58:18,anomaly,"active_connections,messages_per_second,message_size",65,high,throttle
584,55,0.54147714966428,55,,,,,17.6,54.8,25025536,79562752,baseline,,,2026-10-05 02:58:19,anomaly,"active_connections,messages_per_second,message_size",65,high,throttle
585,55,0.54147714966428,55,,,,,13.2,54.6,25038848,79592448,baseline,,,2026-10-05 02:58:20,anomaly,"active_connections,messages_per_second,message_size",65,high,throttle
586,56,0.54147714966428,55,,,,,12.9,54.8,25103360,79637504,baseline,,,2026-10-05 02:58:21,anomaly,"active_connections,messages_per_second,message_size",65,high,throttle
587,57,0.54147714966428,55,,,,,12.7,54.8,25137152,79685632,baseline,,,2026-10-05 02:58:22,anomaly,"active_connections,messages_per_second,message_size",65,high,throttle
588,57,0.54147714966428,55,,,,,10.4,54.7,25141248,79705088,baseline,,,2026-10-05 02:58:24,anomaly,"active_connections,messages_per_second,message_size",65,high,throttle
589,57,0.54147714966428,55,,,,,12.9,54.7,25146368,79719424,baseline,,,2026-10-05 02:58:25,anomaly,"active_connections,messages_per_second,message_size",65,high,throttle
590,57,0.54147714966428,55,,,,,13.2,54.8,25160704,79741952,baseline,,,2026-10-05 02:58:26,anomaly,"active_connections,messages_per_second,message_size",65,high,throttle
591,57,0.54147714966428,55,,,,,14.1,54.7,25164800,79764480,baseline,,,2026-10-05 02:58:27,anomaly,"active_connections,messages_per_second,message_size",65,high,throttle
592,57,0.54147714966428,55,,,,,18.7,54.7,25167872,79780864,baseline,,,2026-10-05 02:58:28,anomaly,"active_connections,messages_per_second,message_size",65,high,throttle
593,57,0.54147714966428,55,,,,,16.2,54.8,25184256,79805440,baseline,,,2026-10-05 02:58:29,anomaly,"active_connections,messages_per_second,message_size",65,high,throttle
594,57,0.54147714966428,55,,,,,15.0,54.7,25195520,79815680,baseline,,,2026-10-05 02:58:30,anomaly,"active_connections,messages_per_second,message_size",65,high,throttle
595,57,0.54147714966428,55,,,,,7.9,54.7,25203712,79830016,baseline,,,2026-10-05 02:58:31,anomaly,"active_connections,messages_per_second,message_size",65,high,throttle
596,57,0.54147714966428,55,,,,,2.9,54.4,25230336,79869952,baseline,,,2026-10-05 02:58:32,anomaly,"active_connections,messages_per_second,message_size",65,high,throttle
597,57,0.54147714966428,55,,,,,4.8,54.0,25235456,79885312,baseline,,,2026-10-05 02:58:33,anomaly,"active_connections,messages_per_second,message_size",65,high,throttle
598,57,0.54147714966428,55,,,,,5.3,54.0,25253888,79921152,baseline,,,2026-10-05 02:58:34,anomaly,"active_connections,messages_per_second,message_size",65,high,throttle
599,57,0.54147714966428,55,,,,,8.3,53.8,25259008,79936512,baseline,,,2026-10-05 02:58:35,anomaly,"active_connections,messages_per_second,message_size",65,high,throttle
600,57,0.54147714966428,55,,,,,8.4,54.6,25269248,79954944,baseline,,,2026-10-05 02:58:36,anomaly,"active_connections,messages_per_second,message_size",65,high,throttle
601,57,0.54147714966428,55,,,,,13.1,54.6,25273344,79966208,baseline,,,2026-10-05 02:58:37,anomaly,"active_connections,messages_per_second,message_size",65,high,throttle
602,57,0.54147714966428,55,,,,,12.2,55.4,25297920,79978496,baseline,,,2026-10-05 02:58:39,anomaly,"active_connections,messages_per_second,message_size",65,high,throttle
603,57,0.54147714966428,55,,,,,6.4,55.0,25316352,79994880,baseline,,,2026-10-05 02:58:40,anomaly,"active_connections,messages_per_second,message_size",65,high,throttle
604,57,0.54147714966428,55,,,,,11.6,54.5,25325568,80011264,baseline,,,2026-10-05 02:58:41,anomaly,"active_connections,messages_per_second,message_size",65,high,throttle
605,57,0.54147714966428,55,,,,,2.5,54.5,25327616,80021504,baseline,,,2026-10-05 02:58:42,anomaly,"active_connections,messages_per_second,message_size",65,high,throttle
606,57,0.54147714966428,55,,,,,5.4,54.3,25332736,80039936,baseline,,,2026-10-05 02:58:43,anomaly,"active_connections,messages_per_second,message_size",65,high,throttle
607,57,0.54147714966428,55,,,,,11.6,54.3,25333760,80047104,baseline,,,2026-10-05 02:58:44,anomaly,"active_connections,messages_per_second,message_size",65,high,throttle
608,57,0.54147714966428,55,,,,,19.6,54.6,25338880,80062464,baseline,,,2026-10-05 02:58:45,anomaly,"active_connections,messages_per_second,message_size",65,high,throttle
609,57,0.54147714966428,55,,,,,8.0,54.6,25344000,80073728,baseline,,,2026-10-05 02:58:46,anomaly,"active_connections,messages_per_second,message_size",65,high,throttle
610,57,0.54147714966428,55,,,,,9.9,55.1,25357312,80089088,baseline,,,2026-10-05 02:58:47,anomaly,"active_connections,messages_per_second,message_size",65,high,throttle
611,57,0.54147714966428,55,,,,,15.2,54.4,25358336,80097280,baseline,,,2026-10-05 02:58:48,anomaly,"active_connections,messages_per_second,message_size",65,high,throttle
612,57,0.54147714966428,55,,,,,9.5,54.9,25363456,80114688,baseline,,,2026-10-05 02:58:49,anomaly,"active_connections,messages_per_second,message_size",65,high,throttle
613,57,0.54147714966428,55,,,,,5.5,54.9,25364480,80132096,baseline,,,2026-10-05 02:58:50,anomaly,"active_connections,messages_per_second,message_size",65,high,throttle
614,57,0.54147714966428,55,,,,,21.0,55.0,25370624,80147456,baseline,,,2026-10-05 02:58:51,anomaly,"active_connections,messages_per_second,message_size",65,high,throttle
615,57,0.54147714966428,55,,,,,6.3,54.9,25371648,80155648,baseline,,,2026-10-05 02:58:52,anomaly,"active_connections,messages_per_second,message_size",65,high,throttle
616,57,0.54147714966428,55,,,,,1.5,54.1,25378816,80166912,baseline,,,2026-10-05 02:58:54,anomaly,"active_connections,messages_per_second,message_size",65,high,throttle
617,57,0.54147714966428,55,,,,,10.6,54.6,25379840,80172032,baseline,,,2026-10-05 02:58:55,anomaly,"active_connections,messages_per_second,message_size",65,high,throttle
618,57,0.54147714966428,55,,,,,13.2,54.6,25397248,80186368,baseline,,,2026-10-05 02:58:56,anomaly,"active_connections,messages_per_second,message_size",65,high,throttle
619,57,0.54147714966428,55,,,,,17.1,54.4,25400320,80202752,baseline,,,2026-10-05 02:58:57,anomaly,"active_connections,messages_per_second,message_size",65,high,throttle
620,57,0.54147714966428,55,,,,,14.6,54.5,25403392,80215040,baseline,,,2026-10-05 02:58:58,anomaly,"active_connections,messages_per_second,message_size",65,high,throttle
621,57,0.54147714966428,55,,,,,11.2,54.5,25407488,80224256,baseline,,,2026-10-05 02:58:59,anomaly,"active_connections,messages_per_second,message_size",65,high,throttle
622,57,0.54147714966428,55,,,,,8.4,54.0,25410560,80234496,baseline,,,2026-10-05 02:59:00,anomaly,"active_connections,messages_per_second,message_size",65,high,throttle
623,57,0.54147714966428,55,,,,,6.3,54.5,25416704,80249856,baseline,,,2026-10-05 02:59:01,anomaly,"active_connections,messages_per_second,message_size",65,high,throttle
624,57,0.54147714966428,55,,,,,2.5,54.7,25420800,80259072,baseline,,,2026-10-05 02:59:02,anomaly,"active_connections,messages_per_second,message_size",65,high,throttle
625,57,0.54147714966428,55,,,,,6.9,54.7,25422848,80270336,baseline,,,2026-10-05 02:59:03,anomaly,"active_connections,messages_per_second,message_size",65,high,throttle
626,57,0.54147714966428,55,,,,,7.8,55.4,25447424,80302080,baseline,,,2026-10-05 02:59:04,anomaly,"active_connections,messages_per_second,message_size",65,high,throttle
627,57,0.54147714966428,55,,,,,14.2,55.2,25449472,80309248,baseline,,,2026-10-05 02:59:05,anomaly,"active_connections,messages_per_second,message_size",65,high,throttle
628,57,0.54147714966428,55,,,,,13.9,55.2,25455616,80324608,baseline,,,2026-10-05 02:59:06,anomaly,"active_connections,messages_per_second,message_size",65,high,throttle
629,57,0.54147714966428,55,,,,,12.6,55.2,25459712,80342016,baseline,,,2026-10-05 02:59:07,anomaly,"active_connections,messages_per_second,message_size",65,high,throttle
630,57,0.54147714966428,55,,,,,13.9,55.2,25464832,80358400,baseline,,,2026-10-05 02:59:09,anomaly,"active_connections,messages_per_second,message_size",65,high,throttle
631,57,0.54147714966428,55,,,,,31.8,55.3,25466880,80364544,baseline,,,2026-10-05 02:59:10,anomaly,"active_connections,messages_per_second,message_size,cpu_usage",70,high,throttle
632,57,0.54147714966428,55,,,,,11.7,55.4,25474048,80375808,baseline,,,2026-10-05 02:59:11,anomaly,"active_connections,messages_per_second,message_size",65,high,throttle
633,57,0.54147714966428,55,,,,,12.2,55.2,25475072,80388096,baseline,,,2026-10-05 02:59:12,anomaly,"active_connections,messages_per_second,message_size",65,high,throttle
634,57,0.54147714966428,55,,,,,7.8,55.0,25493504,80415744,baseline,,,2026-10-05 02:59:13,anomaly,"active_connections,messages_per_second,message_size",65,high,throttle
635,57,0.54147714966428,55,,,,,12.4,54.9,25497600,80427008,baseline,,,2026-10-05 02:59:14,anomaly,"active_connections,messages_per_second,message_size",65,high,throttle
636,57,0.54147714966428,55,,,,,13.2,55.2,25502720,80438272,baseline,,,2026-10-05 02:59:15,anomaly,"active_connections,messages_per_second,message_size",65,high,throttle
637,57,0.54147714966428,55,,,,,12.4,55.4,25509888,80452608,baseline,,,2026-10-05 02:59:16,anomaly,"active_connections,messages_per_second,message_size",65,high,throttle
638,57,0.54147714966428,55,,,,,13.3,55.0,25511936,80464896,baseline,,,2026-10-05 02:59:17,anomaly,"active_connections,messages_per_second,message_size",65,high,throttle
639,57,0.54147714966428,55,,,,,14.4,55.3,25517056,80479232,baseline,,,2026-10-05 02:59:18,anomaly,"active_connections,messages_per_second,message_size",65,high,throttle
640,57,0.54147714966428,55,,,,,21.0,55.3,25522176,80492544,baseline,,,2026-10-05 02:59:19,anomaly,"active_connections,messages_per_second,message_size",65,high,throttle
641,57,0.54147714966428,55,,,,,13.4,55.3,25527296,80509952,baseline,,,2026-10-05 02:59:20,anomaly,"active_connections,messages_per_second,message_size",65,high,throttle
642,57,0.54147714966428,55,,,,,8.8,55.3,25529344,80519168,baseline,,,2026-10-05 02:59:21,anomaly,"active_connections,messages_per_second,message_size",65,high,throttle
643,57,0.54147714966428,55,,,,,2.0,54.8,25533440,80531456,baseline,,,2026-10-05 02:59:23,anomaly,"active_connections,messages_per_second,message_size",65,high,throttle
644,57,0.54147714966428,55,,,,,25.0,54.3,25536512,80539648,baseline,,,2026-10-05 02:59:24,anomaly,"active_connections,messages_per_second,message_size,cpu_usage",70,high,throttle
645,57,0.54147714966428,55,,,,,7.4,55.2,25543680,80550912,baseline,,,2026-10-05 02:59:25,anomaly,"active_connections,messages_per_second,message_size",65,high,throttle
646,57,0.54147714966428,55,,,,,7.6,54.5,25545728,80566272,baseline,,,2026-10-05 02:59:26,anomaly,"active_connections,messages_per_second,message_size",65,high,throttle
647,57,0.54147714966428,55,,,,,14.6,55.1,25566208,80585728,baseline,,,2026-10-05 02:59:27,anomaly,"active_connections,messages_per_second,message_size",65,high,throttle
648,57,0.54147714966428,55,,,,,10.7,54.9,25568256,80595968,baseline,,,2026-10-05 02:59:28,anomaly,"active_connections,messages_per_second,message_size",65,high,throttle
649,57,0.54147714966428,55,,,,,16.3,54.9,25573376,80607232,baseline,,,2026-10-05 02:59:29,anomaly,"active_connections,messages_per_second,message_size",65,high,throttle
650,57,0.54147714966428,55,,,,,19.7,54.8,25578496,80617472,baseline,,,2026-10-05 02:59:30,anomaly,"active_connections,messages_per_second,message_size",65,high,throttle
651,57,0.54147714966428,55,,,,,20.3,54.7,25580544,80632832,baseline,,,2026-10-05 02:59:31,anomaly,"active_connections,messages_per_second,message_size",65,high,throttle
652,57,0.54147714966428,55,,,,,9.3,55.0,25585664,80642048,baseline,,,2026-10-05 02:59:32,anomaly,"active_connections,messages_per_second,message_size",65,high,throttle
653,57,0.54147714966428,55,,,,,6.5,54.6,25588736,80657408,baseline,,,2026-10-05 02:59:33,anomaly,"active_connections,messages_per_second,message_size",65,high,throttle
654,57,0.54147714966428,55,,,,,2.5,54.8,25594880,80672768,baseline,,,2026-10-05 02:59:34,anomaly,"active_connections,messages_per_second,message_size",65,high,throttle
655,57,0.54147714966428,55,,,,,7.9,54.5,25595904,80685056,baseline,,,2026-10-05 02:59:35,anomaly,"active_connections,messages_per_second,message_size",65,high,throttle
656,57,0.54147714966428,55,,,,,11.1,54.6,25603072,80698368,baseline,,,2026-10-05 02:59:36,anomaly,"active_connections,messages_per_second,message_size",65,high,throttle
657,57,0.54147714966428,55,,,,,8.0,54.3,25604096,80710656,baseline,,,2026-10-05 02:59:38,anomaly,"active_connections,messages_per_second,message_size",65,high,throttle
658,57,0.54147714966428,55,,,,,9.2,54.6,25610240,80722944,baseline,,,2026-10-05 02:59:39,anomaly,"active_connections,messages_per_second,message_size",65,high,throttle
659,57,0.54147714966428,55,,,,,7.4,54.3,25611264,80727040,baseline,,,2026-10-05 02:59:40,anomaly,"active_connections,messages_per_second,message_size",65,high,throttle
660,57,0.54147714966428,55,,,,,7.9,54.2,25616384,80735232,baseline,,,2026-10-05 02:59:41,anomaly,"active_connections,messages_per_second,message_size",65,high,throttle
661,57,0.54147714966428,55,,,,,2.9,54.5,25617408,80742400,baseline,,,2026-10-05 02:59:42,anomaly,"active_connections,messages_per_second,message_size",65,high,throttle
662,57,0.54147714966428,55,,,,,0.5,54.7,25622528,80751616,baseline,,,2026-10-05 02:59:43,anomaly,"active_connections,messages_per_second,message_size",65,high,throttle
663,57,0.54147714966428,55,,,,,6.9,54.4,25625600,80770048,baseline,,,2026-10-05 02:59:44,anomaly,"active_connections,messages_per_second,message_size",65,high,throttle
664,57,0.54147714966428,55,,,,,16.6,54.7,25630720,80785408,baseline,,,2026-10-05 02:59:45,anomaly,"active_connections,messages_per_second,message_size",65,high,throttle
665,57,0.54147714966428,55,,,,,12.6,54.8,25635840,80799744,baseline,,,2026-10-05 02:59:46,anomaly,"active_connections,messages_per_second,message_size",65,high,throttle
666,57,0.54147714966428,55,,,,,11.1,54.4,25637888,80804864,baseline,,,2026-10-05 02:59:47,anomaly,"active_connections,messages_per_second,message_size",65,high,throttle
667,57,0.54147714966428,55,,,,,12.4,54.8,25641984,80817152,baseline,,,2026-10-05 02:59:48,anomaly,"active_connections,messages_per_second,message_size",65,high,throttle
668,57,0.54147714966428,55,,,,,12.7,54.5,25644032,80826368,baseline,,,2026-10-05 02:59:49,anomaly,"active_connections,messages_per_second,message_size",65,high,throttle
669,57,0.54147714966428,55,,,,,13.7,54.7,25650176,80836608,baseline,,,2026-10-05 02:59:50,anomaly,"active_connections,messages_per_second,message_size",65,high,throttle
670,57,0.54147714966428,55,,,,,9.7,54.5,25653248,80852992,baseline,,,2026-10-05 02:59:51,anomaly,"active_connections,messages_per_second,message_size",65,high,throttle
671,57,0.54147714966428,55,,,,,5.9,54.9,25657344,80873472,baseline,,,2026-10-05 02:59:53,anomaly,"active_connections,messages_per_second,message_size",65,high,throttle
672,57,0.54147714966428,55,,,,,5.9,54.7,25661440,80882688,baseline,,,2026-10-05 02:59:54,anomaly,"active_connections,messages_per_second,message_size",65,high,throttle
673,57,0.54147714966428,55,,,,,10.4,54.8,25665536,80890880,baseline,,,2026-10-05 02:59:55,anomaly,"active_connections,messages_per_second,message_size",65,high,throttle
674,57,0.54147714966428,55,,,,,11.4,54.6,25667584,80898048,baseline,,,2026-10-05 02:59:56,anomaly,"active_connections,messages_per_second,message_size",65,high,throttle
675,57,0.54147714966428,55,,,,,24.0,55.3,25705472,80925696,baseline,,,2026-10-05 02:59:57,anomaly,"active_connections,messages_per_second,message_size,cpu_usage",70,high,throttle
676,57,0.54147714966428,55,,,,,15.1,55.3,25731072,80940032,baseline,,,2026-10-05 02:59:58,anomaly,"active_connections,messages_per_second,message_size",65,high,throttle
677,57,0.54147714966428,55,,,,,17.9,54.6,25743360,80957440,baseline,,,2026-10-05 02:59:59,anomaly,"active_connections,messages_per_second,message_size",65,high,throttle
678,57,0.54147714966428,55,,,,,16.7,54.7,25746432,80966656,baseline,,,2026-10-05 03:00:00,anomaly,"active_connections,messages_per_second,message_size",65,high,throttle
679,57,0.54147714966428,55,,,,,31.5,54.5,25927680,81142784,baseline,,,2026-10-05 03:00:01,anomaly,"active_connections,messages_per_second,message_size,cpu_usage",70,high,throttle
680,57,0.54147714966428,55,,,,,20.1,54.7,26474496,81302528,baseline,,,2026-10-05 03:00:02,anomaly,"active_connections,messages_per_second,message_size",65,high,throttle
681,57,0.54147714966428,55,,,,,18.4,55.0,26625024,81351680,baseline,,,2026-10-05 03:00:03,anomaly,"active_connections,messages_per_second,message_size",65,high,throttle
682,57,0.54147714966428,55,,,,,10.8,55.2,26681344,81969152,baseline,,,2026-10-05 03:00:04,anomaly,"active_connections,messages_per_second,message_size",65,high,throttle
683,57,0.54147714966428,55,,,,,6.4,55.1,26689536,82039808,baseline,,,2026-10-05 03:00:05,anomaly,"active_connections,messages_per_second,message_size",65,high,throttle
684,57,0.54147714966428,55,,,,,8.7,54.3,26700800,82053120,baseline,,,2026-10-05 03:00:06,anomaly,"active_connections,messages_per_second,message_size",65,high,throttle
685,57,0.54147714966428,55,,,,,6.9,54.2,26716160,82114560,baseline,,,2026-10-05 03:00:07,anomaly,"active_connections,messages_per_second,message_size",65,high,throttle
686,57,0.54147714966428,55,,,,,13.9,54.4,26719232,82137088,baseline,,,2026-10-05 03:00:09,anomaly,"active_connections,messages_per_second,message_size",65,high,throttle
687,57,0.54147714966428,55,,,,,19.1,54.4,26728448,82173952,baseline,,,2026-10-05 03:00:10,anomaly,"active_connections,messages_per_second,message_size",65,high,throttle
688,57,0.54147714966428,55,,,,,19.3,54.9,27089920,82288640,baseline,,,2026-10-05 03:00:11,anomaly,"active_connections,messages_per_second,message_size",65,high,throttle
689,57,0.54147714966428,55,,,,,18.9,55.0,27136000,82360320,baseline,,,2026-10-05 03:00:12,anomaly,"active_connections,messages_per_second,message_size",65,high,throttle
690,57,0.54147714966428,55,,,,,12.4,55.0,27164672,82402304,baseline,,,2026-10-05 03:00:13,anomaly,"active_connections,messages_per_second,message_size",65,high,throttle
691,57,0.54147714966428,55,,,,,9.9,55.1,27168768,82416640,baseline,,,2026-10-05 03:00:14,anomaly,"active_connections,messages_per_second,message_size",65,high,throttle
692,57,0.54147714966428,55,,,,,9.3,54.8,27187200,82425856,baseline,,,2026-10-05 03:00:15,anomaly,"active_connections,messages_per_second,message_size",65,high,throttle
693,57,0.54147714966428,55,,,,,9.2,54.6,27192320,82442240,baseline,,,2026-10-05 03:00:16,anomaly,"active_connections,messages_per_second,message_size",65,high,throttle
694,57,0.54147714966428,55,,,,,6.4,55.2,27240448,82493440,baseline,,,2026-10-05 03:00:17,anomaly,"active_connections,messages_per_second,message_size",65,high,throttle
695,57,0.54147714966428,55,,,,,19.8,54.9,27250688,82513920,baseline,,,2026-10-05 03:00:18,anomaly,"active_connections,messages_per_second,message_size",65,high,throttle
696,57,0.54147714966428,55,,,,,10.2,55.4,27342848,82536448,baseline,,,2026-10-05 03:00:19,anomaly,"active_connections,messages_per_second,message_size",65,high,throttle
697,57,0.54147714966428,55,,,,,9.2,54.6,27347968,82544640,baseline,,,2026-10-05 03:00:20,anomaly,"active_connections,messages_per_second,message_size",65,high,throttle
698,57,0.54147714966428,55,,,,,12.1,55.3,27355136,82557952,baseline,,,2026-10-05 03:00:21,anomaly,"active_connections,messages_per_second,message_size",65,high,throttle
699,57,0.54147714966428,55,,,,,13.2,55.0,27360256,82576384,baseline,,,2026-10-05 03:00:22,anomaly,"active_connections,messages_per_second,message_size",65,high,throttle
700,57,0.54147714966428,55,,,,,10.4,54.6,27378688,82610176,baseline,,,2026-10-05 03:00:24,anomaly,"active_connections,messages_per_second,message_size",65,high,throttle
701,57,0.54147714966428,55,,,,,12.4,54.6,27392000,82623488,baseline,,,2026-10-05 03:00:25,anomaly,"active_connections,messages_per_second,message_size",65,high,throttle
702,57,0.54147714966428,55,,,,,10.5,54.5,27401216,82639872,baseline,,,2026-10-05 03:00:26,anomaly,"active_connections,messages_per_second,message_size",65,high,throttle
703,57,0.54147714966428,55,,,,,4.9,54.3,27406336,82663424,baseline,,,2026-10-05 03:00:27,anomaly,"active_connections,messages_per_second,message_size",65,high,throttle
704,57,0.54147714966428,55,,,,,4.9,53.8,27408384,82675712,baseline,,,2026-10-05 03:00:28,anomaly,"active_connections,messages_per_second,message_size",65,high,throttle
705,57,0.54147714966428,55,,,,,7.8,53.7,27413504,82686976,baseline,,,2026-10-05 03:00:29,anomaly,"active_connections,messages_per_second,message_size",65,high,throttle
706,57,0.54147714966428,55,,,,,8.2,53.6,27422720,82782208,baseline,,,2026-10-05 03:00:30,anomaly,"active_connections,messages_per_second,message_size",65,high,throttle
707,57,0.54147714966428,55,,,,,14.7,53.3,27429888,82797568,baseline,,,2026-10-05 03:00:31,anomaly,"active_connections,messages_per_second,message_size",65,high,throttle
708,57,0.54147714966428,55,,,,,12.3,53.3,27437056,82807808,baseline,,,2026-10-05 03:00:32,anomaly,"active_connections,messages_per_second,message_size",65,high,throttle
709,57,0.54147714966428,55,,,,,10.0,53.1,27446272,82823168,baseline,,,2026-10-05 03:00:33,anomaly,"active_connections,messages_per_second,message_size",65,high,throttle
710,57,0.54147714966428,55,,,,,12.1,53.1,27450368,82840576,baseline,,,2026-10-05 03:00:34,anomaly,"active_connections,messages_per_second,message_size",65,high,throttle
711,57,0.54147714966428,55,,,,,7.8,53.1,27455488,82856960,baseline,,,2026-10-05 03:00:35,anomaly,"active_connections,messages_per_second,message_size",65,high,throttle
712,57,0.54147714966428,55,,,,,6.9,53.1,27461632,82871296,baseline,,,2026-10-05 03:00:36,anomaly,"active_connections,messages_per_second,message_size",65,high,throttle
713,57,0.54147714966428,55,,,,,3.4,53.0,27468800,82889728,baseline,,,2026-10-05 03:00:37,anomaly,"active_connections,messages_per_second,message_size",65,high,throttle
714,57,0.54147714966428,55,,,,,6.8,53.0,27474944,82900992,baseline,,,2026-10-05 03:00:39,anomaly,"active_connections,messages_per_second,message_size",65,high,throttle
715,57,0.54147714966428,55,,,,,7.4,53.0,27480064,82916352,baseline,,,2026-10-05 03:00:40,anomaly,"active_connections,messages_per_second,message_size",65,high,throttle
716,57,0.54147714966428,55,,,,,11.7,53.0,27502592,82931712,baseline,,,2026-10-05 03:00:41,anomaly,"active_connections,messages_per_second,message_size",65,high,throttle
717,57,0.54147714966428,55,,,,,12.7,53.1,27507712,82945024,baseline,,,2026-10-05 03:00:42,anomaly,"active_connections,messages_per_second,message_size",65,high,throttle
718,57,0.54147714966428,55,,,,,13.0,53.1,27512832,82955264,baseline,,,2026-10-05 03:00:43,anomaly,"active_connections,messages_per_second,message_size",65,high,throttle
719,57,0.54147714966428,55,,,,,8.4,53.1,27515904,82963456,baseline,,,2026-10-05 03:00:44,anomaly,"active_connections,messages_per_second,message_size",65,high,throttle
720,57,0.54147714966428,55,,,,,7.8,53.1,27521024,82972672,baseline,,,2026-10-05 03:00:45,anomaly,"active_connections,messages_per_second,message_size",65,high,throttle
721,57,0.54147714966428,55,,,,,5.5,53.1,27530240,82987008,baseline,,,2026-10-05 03:00:46,anomaly,"active_connections,messages_per_second,message_size",65,high,throttle
722,57,0.54147714966428,55,,,,,3.4,53.1,27548672,83004416,baseline,,,2026-10-05 03:00:47,anomaly,"active_connections,messages_per_second,message_size",65,high,throttle
723,57,0.54147714966428,55,,,,,6.2,53.1,27551744,83051520,baseline,,,2026-10-05 03:00:48,anomaly,"active_connections,messages_per_second,message_size",65,high,throttle
724,57,0.54147714966428,55,,,,,9.9,53.1,27558912,83084288,baseline,,,2026-10-05 03:00:49,anomaly,"active_connections,messages_per_second,message_size",65,high,throttle
725,57,0.54147714966428,55,,,,,8.7,53.1,27563008,83170304,baseline,,,2026-10-05 03:00:50,anomaly,"active_connections,messages_per_second,message_size",65,high,throttle
726,57,0.54147714966428,55,,,,,13.7,53.1,27573248,83195904,baseline,,,2026-10-05 03:00:51,anomaly,"active_connections,messages_per_second,message_size",65,high,throttle
727,57,0.54147714966428,55,,,,,10.8,53.1,27594752,83225600,baseline,,,2026-10-05 03:00:52,anomaly,"active_connections,messages_per_second,message_size",65,high,throttle
728,57,0.54147714966428,55,,,,,11.3,53.1,27599872,83233792,baseline,,,2026-10-05 03:00:54,anomaly,"active_connections,messages_per_second,message_size",65,high,throttle
729,57,0.54147714966428,55,,,,,14.1,53.1,27601920,83245056,baseline,,,2026-10-05 03:00:55,anomaly,"active_connections,messages_per_second,message_size",65,high,throttle
730,57,0.54147714966428,55,,,,,9.1,53.1,27608064,83258368,baseline,,,2026-10-05 03:00:56,anomaly,"active_connections,messages_per_second,message_size",65,high,throttle
731,57,0.54147714966428,55,,,,,8.3,53.1,27609088,83268608,baseline,,,2026-10-05 03:00:57,anomaly,"active_connections,messages_per_second,message_size",65,high,throttle
732,57,0.54147714966428,55,,,,,4.9,53.1,27620352,83283968,baseline,,,2026-10-05 03:00:58,anomaly,"active_connections,messages_per_second,message_size",65,high,throttle
733,57,0.54147714966428,55,,,,,4.5,53.6,27658240,86482944,baseline,,,2026-10-05 03:00:59,anomaly,"active_connections,messages_per_second,message_size",65,high,throttle
734,57,0.54147714966428,55,,,,,4.9,53.6,27676672,90702848,baseline,,,2026-10-05 03:01:00,anomaly,"active_connections,messages_per_second,message_size",65,high,throttle
735,57,0.54147714966428,55,,,,,5.9,53.5,27695104,94422016,baseline,,,2026-10-05 03:01:01,anomaly,"active_connections,messages_per_second,message_size",65,high,throttle
736,57,0.54147714966428,55,,,,,9.2,53.4,27749376,97649664,baseline,,,2026-10-05 03:01:02,anomaly,"active_connections,messages_per_second,message_size",65,high,throttle
737,57,0.54147714966428,55,,,,,8.0,53.4,27767808,100379648,baseline,,,2026-10-05 03:01:03,anomaly,"active_connections,messages_per_second,message_size",65,high,throttle
738,57,0.54147714966428,55,,,,,10.0,53.3,27785216,104761344,baseline,,,2026-10-05 03:01:04,anomaly,"active_connections,messages_per_second,message_size",65,high,throttle
739,57,0.54147714966428,55,,,,,12.6,53.3,27803648,104773632,baseline,,,2026-10-05 03:01:05,anomaly,"active_connections,messages_per_second,message_size",65,high,throttle
740,57,0.54147714966428,55,,,,,12.6,53.3,27806720,104783872,baseline,,,2026-10-05 03:01:06,anomaly,"active_connections,messages_per_second,message_size",65,high,throttle
741,57,0.54147714966428,55,,,,,8.8,53.3,27809792,104794112,baseline,,,2026-10-05 03:01:07,anomaly,"active_connections,messages_per_second,message_size",65,high,throttle
742,57,0.54147714966428,55,,,,,6.0,53.3,27811840,104799232,baseline,,,2026-10-05 03:01:08,anomaly,"active_connections,messages_per_second,message_size",65,high,throttle
743,57,0.54147714966428,55,,,,,9.2,53.2,27813888,104808448,baseline,,,2026-10-05 03:01:10,anomaly,"active_connections,messages_per_second,message_size",65,high,throttle
744,57,0.54147714966428,55,,,,,4.4,53.2,27816960,104822784,baseline,,,2026-10-05 03:01:11,anomaly,"active_connections,messages_per_second,message_size",65,high,throttle
745,57,0.54147714966428,55,,,,,6.3,53.2,27850752,104848384,baseline,,,2026-10-05 03:01:12,anomaly,"active_connections,messages_per_second,message_size",65,high,throttle
746,57,0.54147714966428,55,,,,,13.9,54.1,27858944,104868864,baseline,,,2026-10-05 03:01:13,anomaly,"active_connections,messages_per_second,message_size",65,high,throttle
747,57,0.54147714966428,55,,,,,22.7,54.4,27863040,104879104,baseline,,,2026-10-05 03:01:14,anomaly,"active_connections,messages_per_second,message_size,cpu_usage",70,high,throttle
748,57,0.54147714966428,55,,,,,16.4,55.2,27904000,104993792,baseline,,,2026-10-05 03:01:15,anomaly,"active_connections,messages_per_second,message_size",65,high,throttle
749,57,0.54147714966428,55,,,,,12.3,54.9,27957248,105069568,baseline,,,2026-10-05 03:01:16,anomaly,"active_connections,messages_per_second,message_size",65,high,throttle
750,57,0.54147714966428,55,,,,,12.3,54.3,27963392,105083904,baseline,,,2026-10-05 03:01:17,anomaly,"active_connections,messages_per_second,message_size",65,high,throttle
751,57,0.54147714966428,55,,,,,9.4,53.9,27966464,105099264,baseline,,,2026-10-05 03:01:18,anomaly,"active_connections,messages_per_second,message_size",65,high,throttle
752,57,0.54147714966428,55,,,,,23.9,53.6,27969536,105113600,baseline,,,2026-10-05 03:01:19,anomaly,"active_connections,messages_per_second,message_size,cpu_usage",70,high,throttle
753,57,0.54147714966428,55,,,,,13.4,54.1,27973632,105127936,baseline,,,2026-10-05 03:01:20,anomaly,"active_connections,messages_per_second,message_size",65,high,throttle
754,57,0.54147714966428,55,,,,,17.4,54.4,27977728,105137152,baseline,,,2026-10-05 03:01:21,anomaly,"active_connections,messages_per_second,message_size",65,high,throttle
755,57,0.54147714966428,55,,,,,9.8,54.6,27984896,105144320,baseline,,,2026-10-05 03:01:22,anomaly,"active_connections,messages_per_second,message_size",65,high,throttle
756,57,0.54147714966428,55,,,,,11.7,55.4,28081152,105154560,baseline,,,2026-10-05 03:01:24,anomaly,"active_connections,messages_per_second,message_size",65,high,throttle
757,57,0.54147714966428,55,,,,,12.2,55.2,28085248,105167872,baseline,,,2026-10-05 03:01:25,anomaly,"active_connections,messages_per_second,message_size",65,high,throttle
758,57,0.54147714966428,55,,,,,12.1,54.8,28086272,105175040,baseline,,,2026-10-05 03:01:26,anomaly,"active_connections,messages_per_second,message_size",65,high,throttle
759,57,0.54147714966428,55,,,,,12.4,54.6,28091392,105192448,baseline,,,2026-10-05 03:01:27,anomaly,"active_connections,messages_per_second,message_size",65,high,throttle
760,57,0.54147714966428,55,,,,,6.3,54.2,28093440,105200640,baseline,,,2026-10-05 03:01:28,anomaly,"active_connections,messages_per_second,message_size",65,high,throttle
761,57,0.54147714966428,55,,,,,3.0,54.1,28107776,105219072,baseline,,,2026-10-05 03:01:29,anomaly,"active_connections,messages_per_second,message_size",65,high,throttle
762,57,0.54147714966428,55,,,,,4.9,54.1,28115968,105232384,baseline,,,2026-10-05 03:01:30,anomaly,"active_connections,messages_per_second,message_size",65,high,throttle
763,57,0.54147714966428,55,,,,,3.4,54.6,28118016,105243648,baseline,,,2026-10-05 03:01:31,anomaly,"active_connections,messages_per_second,message_size",65,high,throttle
764,57,0.54147714966428,55,,,,,4.9,54.6,28122112,105251840,baseline,,,2026-10-05 03:01:32,anomaly,"active_connections,messages_per_second,message_size",65,high,throttle
765,57,0.54147714966428,55,,,,,10.2,54.5,28123136,105260032,baseline,,,2026-10-05 03:01:33,anomaly,"active_connections,messages_per_second,message_size",65,high,throttle
766,57,0.54147714966428,55,,,,,10.7,54.5,28124160,105267200,baseline,,,2026-10-05 03:01:34,anomaly,"active_connections,messages_per_second,message_size",65,high,throttle
767,57,0.54147714966428,55,,,,,8.3,54.3,28126208,105274368,baseline,,,2026-10-05 03:01:35,anomaly,"active_connections,messages_per_second,message_size",65,high,throttle
768,57,0.54147714966428,55,,,,,9.3,54.8,28133376,105284608,baseline,,,2026-10-05 03:01:36,anomaly,"active_connections,messages_per_second,message_size",65,high,throttle
769,57,0.54147714966428,55,,,,,10.1,55.2,28134400,105290752,baseline,,,2026-10-05 03:01:38,anomaly,"active_connections,messages_per_second,message_size",65,high,throttle
770,57,0.54147714966428,55,,,,,8.5,54.7,28136448,105296896,baseline,,,2026-10-05 03:01:39,anomaly,"active_connections,messages_per_second,message_size",65,high,throttle
771,57,0.54147714966428,55,,,,,2.5,54.9,28137472,105304064,baseline,,,2026-10-05 03:01:40,anomaly,"active_connections,messages_per_second,message_size",65,high,throttle
772,57,0.54147714966428,55,,,,,13.9,54.9,28141568,105318400,baseline,,,2026-10-05 03:01:41,anomaly,"active_connections,messages_per_second,message_size",65,high,throttle
773,57,0.54147714966428,55,,,,,9.0,55.5,28142592,105334784,baseline,,,2026-10-05 03:01:42,anomaly,"active_connections,messages_per_second,message_size",65,high,throttle
774,57,0.54147714966428,55,,,,,8.5,55.3,28144640,105347072,baseline,,,2026-10-05 03:01:43,anomaly,"active_connections,messages_per_second,message_size",65,high,throttle
775,57,0.54147714966428,55,,,,,18.5,55.3,28150784,105363456,baseline,,,2026-10-05 03:01:44,anomaly,"active_connections,messages_per_second,message_size",65,high,throttle
776,57,0.54147714966428,55,,,,,37.4,55.3,28153856,105373696,baseline,,,2026-10-05 03:01:45,anomaly,"active_connections,messages_per_second,message_size,cpu_usage",70,high,throttle
777,57,0.54147714966428,55,,,,,15.6,55.4,28154880,105385984,baseline,,,2026-10-05 03:01:46,anomaly,"active_connections,messages_per_second,message_size",65,high,throttle
778,57,0.54147714966428,55,,,,,13.7,55.2,28155904,105400320,baseline,,,2026-10-05 03:01:47,anomaly,"active_connections,messages_per_second,message_size",65,high,throttle
779,57,0.54147714966428,55,,,,,14.6,55.0,28156928,105410560,baseline,,,2026-10-05 03:01:48,anomaly,"active_connections,messages_per_second,message_size",65,high,throttle
780,57,0.54147714966428,55,,,,,5.0,54.8,28158976,105421824,baseline,,,2026-10-05 03:01:49,anomaly,"active_connections,messages_per_second,message_size",65,high,throttle
781,57,0.54147714966428,55,,,,,6.5,54.6,28167168,105437184,baseline,,,2026-10-05 03:01:50,anomaly,"active_connections,messages_per_second,message_size",65,high,throttle
782,57,0.54147714966428,55,,,,,14.2,55.4,28215296,105451520,baseline,,,2026-10-05 03:01:51,anomaly,"active_connections,messages_per_second,message_size",65,high,throttle
783,57,0.54147714966428,55,,,,,10.4,55.2,28220416,105473024,baseline,,,2026-10-05 03:01:53,anomaly,"active_connections,messages_per_second,message_size",65,high,throttle
784,57,0.54147714966428,55,,,,,16.4,55.3,28221440,105485312,baseline,,,2026-10-05 03:01:54,anomaly,"active_connections,messages_per_second,message_size",65,high,throttle
785,57,0.54147714966428,55,,,,,10.1,54.2,28227584,105497600,baseline,,,2026-10-05 03:01:55,anomaly,"active_connections,messages_per_second,message_size",65,high,throttle
786,57,0.54147714966428,55,,,,,8.2,55.5,28229632,105510912,baseline,,,2026-10-05 03:01:56,anomaly,"active_connections,messages_per_second,message_size",65,high,throttle
787,57,0.54147714966428,55,,,,,3.5,54.8,28231680,105525248,baseline,,,2026-10-05 03:01:57,anomaly,"active_connections,messages_per_second,message_size",65,high,throttle
788,57,0.54147714966428,55,,,,,7.0,55.5,28232704,105533440,baseline,,,2026-10-05 03:01:58,anomaly,"active_connections,messages_per_second,message_size",65,high,throttle
789,57,0.54147714966428,55,,,,,15.3,55.7,28234752,105542656,baseline,,,2026-10-05 03:01:59,anomaly,"active_connections,messages_per_second,message_size",65,high,throttle
790,57,0.54147714966428,55,,,,,9.4,55.2,28236800,105548800,baseline,,,2026-10-05 03:02:00,anomaly,"active_connections,messages_per_second,message_size",65,high,throttle
791,57,0.54147714966428,55,,,,,10.3,55.4,28238848,105556992,baseline,,,2026-10-05 03:02:01,anomaly,"active_connections,messages_per_second,message_size",65,high,throttle
792,57,0.54147714966428,55,,,,,16.2,55.1,28253184,105576448,baseline,,,2026-10-05 03:02:02,anomaly,"active_connections,messages_per_second,message_size",65,high,throttle
793,57,0.54147714966428,55,,,,,13.7,55.6,28256256,105586688,baseline,,,2026-10-05 03:02:03,anomaly,"active_connections,messages_per_second,message_size",65,high,throttle
794,57,0.54147714966428,55,,,,,11.7,55.1,28258304,105595904,baseline,,,2026-10-05 03:02:04,anomaly,"active_connections,messages_per_second,message_size",65,high,throttle
795,57,0.54147714966428,55,,,,,8.0,55.0,28259328,105602048,baseline,,,2026-10-05 03:02:05,anomaly,"active_connections,messages_per_second,message_size",65,high,throttle
796,57,0.54147714966428,55,,,,,9.3,55.0,28260352,105609216,baseline,,,2026-10-05 03:02:06,anomaly,"active_connections,messages_per_second,message_size",65,high,throttle
797,57,0.54147714966428,55,,,,,4.9,55.0,28261376,105615360,baseline,,,2026-10-05 03:02:07,anomaly,"active_connections,messages_per_second,message_size",65,high,throttle
798,57,0.54147714966428,55,,,,,4.5,55.0,28263424,105621504,baseline,,,2026-10-05 03:02:09,anomaly,"active_connections,messages_per_second,message_size",65,high,throttle
799,57,0.54147714966428,55,,,,,7.4,54.3,28265472,105632768,baseline,,,2026-10-05 03:02:10,anomaly,"active_connections,messages_per_second,message_size",65,high,throttle
800,57,0.54147714966428,55,,,,,11.3,55.0,28268544,105652224,baseline,,,2026-10-05 03:02:11,anomaly,"active_connections,messages_per_second,message_size",65,high,throttle
801,57,0.54147714966428,55,,,,,10.7,54.9,28269568,105660416,baseline,,,2026-10-05 03:02:12,anomaly,"active_connections,messages_per_second,message_size",65,high,throttle
802,57,0.54147714966428,55,,,,,9.3,55.0,28272640,105670656,baseline,,,2026-10-05 03:02:13,anomaly,"active_connections,messages_per_second,message_size",65,high,throttle
803,57,0.54147714966428,55,,,,,6.7,54.9,28278784,105693184,baseline,,,2026-10-05 03:02:14,anomaly,"active_connections,messages_per_second,message_size",65,high,throttle
804,57,0.54147714966428,55,,,,,8.1,54.3,28313600,105730048,baseline,,,2026-10-05 03:02:15,anomaly,"active_connections,messages_per_second,message_size",65,high,throttle
805,57,0.54147714966428,55,,,,,4.9,54.3,28315648,105744384,baseline,,,2026-10-05 03:02:16,anomaly,"active_connections,messages_per_second,message_size",65,high,throttle
806,57,0.54147714966428,55,,,,,3.4,54.2,28318720,105766912,baseline,,,2026-10-05 03:02:17,anomaly,"active_connections,messages_per_second,message_size",65,high,throttle
807,57,0.54147714966428,55,,,,,1.0,54.1,28321792,105783296,baseline,,,2026-10-05 03:02:18,anomaly,"active_connections,messages_per_second,message_size",65,high,throttle
808,57,0.54147714966428,55,,,,,21.7,55.1,28325888,105801728,baseline,,,2026-10-05 03:02:19,anomaly,"active_connections,messages_per_second,message_size",65,high,throttle
809,57,0.54147714966428,55,,,,,58.4,55.6,28331008,105836544,baseline,,,2026-10-05 03:02:20,anomaly,"active_connections,messages_per_second,message_size,cpu_usage",70,high,throttle
810,57,0.54147714966428,55,,,,,25.4,55.7,28377088,105863168,baseline,,,2026-10-05 03:02:21,anomaly,"active_connections,messages_per_second,message_size,cpu_usage",70,high,throttle
811,57,0.54147714966428,55,,,,,18.4,55.6,28502016,105995264,baseline,,,2026-10-05 03:02:22,anomaly,"active_connections,messages_per_second,message_size",65,high,throttle
812,57,0.54147714966428,55,,,,,19.1,55.6,28517376,106021888,baseline,,,2026-10-05 03:02:24,anomaly,"active_connections,messages_per_second,message_size",65,high,throttle
813,57,0.54147714966428,55,,,,,19.9,55.4,28534784,106034176,baseline,,,2026-10-05 03:02:25,anomaly,"active_connections,messages_per_second,message_size",65,high,throttle
814,57,0.54147714966428,55,,,,,10.3,55.7,28558336,106043392,baseline,,,2026-10-05 03:02:26,anomaly,"active_connections,messages_per_second,message_size",65,high,throttle
815,57,0.54147714966428,55,,,,,16.5,55.5,28575744,106058752,baseline,,,2026-10-05 03:02:27,anomaly,"active_connections,messages_per_second,message_size",65,high,throttle
816,57,0.54147714966428,55,,,,,9.3,55.4,28577792,106066944,baseline,,,2026-10-05 03:02:28,anomaly,"active_connections,messages_per_second,message_size",65,high,throttle
817,57,0.54147714966428,55,,,,,7.9,55.2,28579840,106075136,baseline,,,2026-10-05 03:02:29,anomaly,"active_connections,messages_per_second,message_size",65,high,throttle
818,57,0.54147714966428,55,,,,,3.9,55.0,28580864,106078208,baseline,,,2026-10-05 03:02:30,anomaly,"active_connections,messages_per_second,message_size",65,high,throttle
819,57,0.54147714966428,55,,,,,3.4,55.2,28611584,106109952,baseline,,,2026-10-05 03:02:31,anomaly,"active_connections,messages_per_second,message_size",65,high,throttle
820,57,0.54147714966428,55,,,,,3.4,55.1,28626944,106133504,baseline,,,2026-10-05 03:02:32,anomaly,"active_connections,messages_per_second,message_size",65,high,throttle
821,57,0.54147714966428,55,,,,,6.9,54.4,28634112,106146816,baseline,,,2026-10-05 03:02:33,anomaly,"active_connections,messages_per_second,message_size",65,high,throttle
822,57,0.54147714966428,55,,,,,9.5,54.6,28638208,106157056,baseline,,,2026-10-05 03:02:34,anomaly,"active_connections,messages_per_second,message_size",65,high,throttle
823,57,0.54147714966428,55,,,,,11.9,54.9,28652544,106175488,baseline,,,2026-10-05 03:02:35,anomaly,"active_connections,messages_per_second,message_size",65,high,throttle
824,57,0.54147714966428,55,,,,,8.3,54.9,28653568,106186752,baseline,,,2026-10-05 03:02:37,anomaly,"active_connections,messages_per_second,message_size",65,high,throttle
825,57,0.54147714966428,55,,,,,12.1,54.8,28654592,106196992,baseline,,,2026-10-05 03:02:38,anomaly,"active_connections,messages_per_second,message_size",65,high,throttle
826,57,0.54147714966428,55,,,,,3.4,54.3,28657664,106205184,baseline,,,2026-10-05 03:02:39,anomaly,"active_connections,messages_per_second,message_size",65,high,throttle
827,57,0.54147714966428,55,,,,,1.5,54.3,28662784,106214400,baseline,,,2026-10-05 03:02:40,anomaly,"active_connections,messages_per_second,message_size",65,high,throttle
828,57,0.54147714966428,55,,,,,2.0,54.8,28665856,106224640,baseline,,,2026-10-05 03:02:41,anomaly,"active_connections,messages_per_second,message_size",65,high,throttle
829,57,0.54147714966428,55,,,,,5.4,54.8,28667904,106250240,baseline,,,2026-10-05 03:02:42,anomaly,"active_connections,messages_per_second,message_size",65,high,throttle
830,57,0.54147714966428,55,,,,,7.4,54.8,28669952,106264576,baseline,,,2026-10-05 03:02:43,anomaly,"active_connections,messages_per_second,message_size",65,high,throttle
831,57,0.54147714966428,55,,,,,11.3,54.4,28675072,106279936,baseline,,,2026-10-05 03:02:44,anomaly,"active_connections,messages_per_second,message_size",65,high,throttle
832,57,0.54147714966428,55,,,,,6.8,54.8,28676096,106289152,baseline,,,2026-10-05 03:02:45,anomaly,"active_connections,messages_per_second,message_size",65,high,throttle
833,57,0.54147714966428,55,,,,,5.3,54.8,28677120,106295296,baseline,,,2026-10-05 03:02:46,anomaly,"active_connections,messages_per_second,message_size",65,high,throttle
834,57,0.54147714966428,55,,,,,8.2,54.8,28679168,106306560,baseline,,,2026-10-05 03:02:47,anomaly,"active_connections,messages_per_second,message_size",65,high,throttle
835,57,0.54147714966428,55,,,,,3.8,54.4,28681216,106313728,baseline,,,2026-10-05 03:02:48,anomaly,"active_connections,messages_per_second,message_size",65,high,throttle
836,57,0.54147714966428,55,,,,,21.6,54.9,28682240,106320896,baseline,,,2026-10-05 03:02:49,anomaly,"active_connections,messages_per_second,message_size",65,high,throttle
837,57,0.54147714966428,55,,,,,12.2,55.0,28683264,106329088,baseline,,,2026-10-05 03:02:50,anomaly,"active_connections,messages_per_second,message_size",65,high,throttle
838,57,0.54147714966428,55,,,,,12.1,55.0,28686336,106341376,baseline,,,2026-10-05 03:02:52,anomaly,"active_connections,messages_per_second,message_size",65,high,throttle
839,57,0.54147714966428,55,,,,,8.9,54.4,28692480,106355712,baseline,,,2026-10-05 03:02:53,anomaly,"active_connections,messages_per_second,message_size",65,high,throttle
840,57,0.54147714966428,55,,,,,4.9,55.0,28694528,106362880,baseline,,,2026-10-05 03:02:54,anomaly,"active_connections,messages_per_second,message_size",65,high,throttle
841,57,0.54147714966428,55,,,,,3.4,55.0,28695552,106372096,baseline,,,2026-10-05 03:02:55,anomaly,"active_connections,messages_per_second,message_size",65,high,throttle
842,57,0.54147714966428,55,,,,,2.0,55.0,28698624,106383360,baseline,,,2026-10-05 03:02:56,anomaly,"active_connections,messages_per_second,message_size",65,high,throttle
843,57,0.54147714966428,55,,,,,6.8,55.0,28699648,106395648,baseline,,,2026-10-05 03:02:57,anomaly,"active_connections,messages_per_second,message_size",65,high,throttle
844,57,0.54147714966428,55,,,,,7.8,54.6,28701696,106406912,baseline,,,2026-10-05 03:02:58,anomaly,"active_connections,messages_per_second,message_size",65,high,throttle
845,57,0.54147714966428,55,,,,,10.2,54.6,28704768,106418176,baseline,,,2026-10-05 03:02:59,anomaly,"active_connections,messages_per_second,message_size",65,high,throttle
846,57,0.54147714966428,55,,,,,10.4,54.8,28713984,106425344,baseline,,,2026-10-05 03:03:00,anomaly,"active_connections,messages_per_second,message_size",65,high,throttle
847,57,0.54147714966428,55,,,,,12.3,55.0,28722176,106438656,baseline,,,2026-10-05 03:03:01,anomaly,"active_connections,messages_per_second,message_size",65,high,throttle
848,57,0.54147714966428,55,,,,,16.5,55.3,28724224,106447872,baseline,,,2026-10-05 03:03:02,anomaly,"active_connections,messages_per_second,message_size",65,high,throttle
849,57,0.54147714966428,55,,,,,4.4,55.7,28726272,106458112,baseline,,,2026-10-05 03:03:03,anomaly,"active_connections,messages_per_second,message_size",65,high,throttle
850,57,0.54147714966428,55,,,,,1.5,54.6,28729344,106464256,baseline,,,2026-10-05 03:03:04,anomaly,"active_connections,messages_per_second,message_size",65,high,throttle
851,57,0.54147714966428,55,,,,,10.1,55.6,28732416,106479616,baseline,,,2026-10-05 03:03:05,anomaly,"active_connections,messages_per_second,message_size",65,high,throttle
852,57,0.54147714966428,55,,,,,12.3,55.3,28739584,106488832,baseline,,,2026-10-05 03:03:06,anomaly,"active_connections,messages_per_second,message_size",65,high,throttle
853,57,0.54147714966428,55,,,,,13.6,55.4,28742656,106497024,baseline,,,2026-10-05 03:03:07,anomaly,"active_connections,messages_per_second,message_size",65,high,throttle
854,57,0.54147714966428,55,,,,,28.5,54.6,28747776,106503168,baseline,,,2026-10-05 03:03:09,anomaly,"active_connections,messages_per_second,message_size,cpu_usage",70,high,throttle
855,57,0.54147714966428,55,,,,,10.7,54.2,28749824,106514432,baseline,,,2026-10-05 03:03:10,anomaly,"active_connections,messages_per_second,message_size",65,high,throttle
856,57,0.54147714966428,55,,,,,7.5,54.0,28750848,106524672,baseline,,,2026-10-05 03:03:11,anomaly,"active_connections,messages_per_second,message_size",65,high,throttle
857,57,0.54147714966428,55,,,,,3.4,53.9,28758016,106542080,baseline,,,2026-10-05 03:03:12,anomaly,"active_connections,messages_per_second,message_size",65,high,throttle
858,57,0.54147714966428,55,,,,,7.7,54.8,28760064,106559488,baseline,,,2026-10-05 03:03:13,anomaly,"active_connections,messages_per_second,message_size",65,high,throttle
859,57,0.54147714966428,55,,,,,6.4,54.9,28763136,106576896,baseline,,,2026-10-05 03:03:14,anomaly,"active_connections,messages_per_second,message_size",65,high,throttle
860,57,0.54147714966428,55,,,,,8.4,55.3,28780544,106587136,baseline,,,2026-10-05 03:03:15,anomaly,"active_connections,messages_per_second,message_size",65,high,throttle
861,57,0.54147714966428,55,,,,,14.0,55.1,28797952,106616832,baseline,,,2026-10-05 03:03:16,anomaly,"active_connections,messages_per_second,message_size",65,high,throttle
862,57,0.54147714966428,55,,,,,23.9,55.3,28800000,106637312,baseline,,,2026-10-05 03:03:17,anomaly,"active_connections,messages_per_second,message_size,cpu_usage",70,high,throttle
863,57,0.54147714966428,55,,,,,12.0,55.2,28806144,106660864,baseline,,,2026-10-05 03:03:18,anomaly,"active_connections,messages_per_second,message_size",65,high,throttle
864,57,0.54147714966428,55,,,,,11.5,54.7,28810240,106679296,baseline,,,2026-10-05 03:03:19,anomaly,"active_connections,messages_per_second,message_size",65,high,throttle
865,57,0.54147714966428,55,,,,,5.0,55.7,28818432,106687488,baseline,,,2026-10-05 03:03:20,anomaly,"active_connections,messages_per_second,message_size",65,high,throttle
866,57,0.54147714966428,55,,,,,4.4,54.4,28820480,106701824,baseline,,,2026-10-05 03:03:21,anomaly,"active_connections,messages_per_second,message_size",65,high,throttle
867,57,0.54147714966428,55,,,,,4.9,55.5,28833792,106714112,baseline,,,2026-10-05 03:03:22,anomaly,"active_connections,messages_per_second,message_size",65,high,throttle
868,57,0.54147714966428,55,,,,,5.4,55.6,28863488,106732544,baseline,,,2026-10-05 03:03:23,anomaly,"active_connections,messages_per_second,message_size",65,high,throttle
869,57,0.54147714966428,55,,,,,15.1,55.4,28867584,106746880,baseline,,,2026-10-05 03:03:25,anomaly,"active_connections,messages_per_second,message_size",65,high,throttle
870,57,0.54147714966428,55,,,,,11.7,55.4,28868608,106758144,baseline,,,2026-10-05 03:03:26,anomaly,"active_connections,messages_per_second,message_size",65,high,throttle
871,57,0.54147714966428,55,,,,,9.8,55.0,28878848,106770432,baseline,,,2026-10-05 03:03:27,anomaly,"active_connections,messages_per_second,message_size",65,high,throttle
872,57,0.54147714966428,55,,,,,10.6,55.1,28889088,106790912,baseline,,,2026-10-05 03:03:28,anomaly,"active_connections,messages_per_second,message_size",65,high,throttle
873,57,0.54147714966428,55,,,,,23.5,54.7,28892160,106805248,baseline,,,2026-10-05 03:03:29,anomaly,"active_connections,messages_per_second,message_size,cpu_usage",70,high,throttle
874,57,0.54147714966428,55,,,,,15.0,55.1,28893184,106811392,baseline,,,2026-10-05 03:03:30,anomaly,"active_connections,messages_per_second,message_size",65,high,throttle
875,57,0.54147714966428,55,,,,,7.4,55.1,28906496,106828800,baseline,,,2026-10-05 03:03:31,anomaly,"active_connections,messages_per_second,message_size",65,high,throttle
876,57,0.54147714966428,55,,,,,6.3,55.0,28938240,106858496,baseline,,,2026-10-05 03:03:32,anomaly,"active_connections,messages_per_second,message_size",65,high,throttle
877,57,0.54147714966428,55,,,,,4.4,55.0,28944384,106876928,baseline,,,2026-10-05 03:03:33,anomaly,"active_connections,messages_per_second,message_size",65,high,throttle
878,57,0.54147714966428,55,,,,,7.3,55.1,28959744,106901504,baseline,,,2026-10-05 03:03:34,anomaly,"active_connections,messages_per_second,message_size",65,high,throttle
879,57,0.54147714966428,55,,,,,4.9,54.8,28962816,106932224,baseline,,,2026-10-05 03:03:35,anomaly,"active_connections,messages_per_second,message_size",65,high,throttle
880,57,0.54147714966428,55,,,,,9.7,55.0,28967936,106946560,baseline,,,2026-10-05 03:03:36,anomaly,"active_connections,messages_per_second,message_size",65,high,throttle
881,57,0.54147714966428,55,,,,,15.2,55.0,28978176,106984448,baseline,,,2026-10-05 03:03:37,anomaly,"active_connections,messages_per_second,message_size",65,high,throttle
882,57,0.54147714966428,55,,,,,10.3,55.7,28981248,106993664,baseline,,,2026-10-05 03:03:38,anomaly,"active_connections,messages_per_second,message_size",65,high,throttle
883,57,0.54147714966428,55,,,,,9.8,55.4,28982272,107003904,baseline,,,2026-10-05 03:03:40,anomaly,"active_connections,messages_per_second,message_size",65,high,throttle
884,57,0.54147714966428,55,,,,,8.9,55.3,28997632,107034624,baseline,,,2026-10-05 03:03:41,anomaly,"active_connections,messages_per_second,message_size",65,high,throttle
885,57,0.54147714966428,55,,,,,13.5,55.2,28999680,107046912,baseline,,,2026-10-05 03:03:42,anomaly,"active_connections,messages_per_second,message_size",65,high,throttle
886,57,0.54147714966428,55,,,,,3.9,55.4,29012992,107062272,baseline,,,2026-10-05 03:03:43,anomaly,"active_connections,messages_per_second,message_size",65,high,throttle
887,57,0.54147714966428,55,,,,,3.9,55.7,29033472,107079680,baseline,,,2026-10-05 03:03:44,anomaly,"active_connections,messages_per_second,message_size",65,high,throttle
888,57,0.54147714966428,55,,,,,12.8,55.4,29037568,107089920,baseline,,,2026-10-05 03:03:45,anomaly,"active_connections,messages_per_second,message_size",65,high,throttle
889,57,0.54147714966428,55,,,,,14.3,55.4,29057024,107112448,baseline,,,2026-10-05 03:03:46,anomaly,"active_connections,messages_per_second,message_size",65,high,throttle
890,57,0.54147714966428,55,,,,,12.8,55.4,29058048,107124736,baseline,,,2026-10-05 03:03:47,anomaly,"active_connections,messages_per_second,message_size",65,high,throttle
891,57,0.54147714966428,55,,,,,9.0,55.1,29062144,107140096,baseline,,,2026-10-05 03:03:48,anomaly,"active_connections,messages_per_second,message_size",65,high,throttle
892,57,0.54147714966428,55,,,,,4.4,55.7,29078528,107166720,baseline,,,2026-10-05 03:03:49,anomaly,"active_connections,messages_per_second,message_size",65,high,throttle
893,57,0.54147714966428,55,,,,,24.3,55.4,29092864,107184128,baseline,,,2026-10-05 03:03:50,anomaly,"active_connections,messages_per_second,message_size,cpu_usage",70,high,throttle
894,57,0.54147714966428,55,,,,,11.8,55.1,29093888,107195392,baseline,,,2026-10-05 03:03:51,anomaly,"active_connections,messages_per_second,message_size",65,high,throttle
895,57,0.54147714966428,55,,,,,12.6,55.0,29094912,107204608,baseline,,,2026-10-05 03:03:52,anomaly,"active_connections,messages_per_second,message_size",65,high,throttle
896,57,0.54147714966428,55,,,,,8.3,54.8,29096960,107211776,baseline,,,2026-10-05 03:03:53,anomaly,"active_connections,messages_per_second,message_size",65,high,throttle
897,57,0.54147714966428,55,,,,,7.2,54.8,29101056,107218944,baseline,,,2026-10-05 03:03:55,anomaly,"active_connections,messages_per_second,message_size",65,high,throttle
898,57,0.54147714966428,55,,,,,4.9,54.7,29106176,107237376,baseline,,,2026-10-05 03:03:56,anomaly,"active_connections,messages_per_second,message_size",65,high,throttle
899,57,0.54147714966428,55,,,,,19.5,54.7,29110272,107252736,baseline,,,2026-10-05 03:03:57,anomaly,"active_connections,messages_per_second,message_size",65,high,throttle
900,57,0.54147714966428,55,,,,,3.4,55.3,29112320,107260928,baseline,,,2026-10-05 03:03:58,anomaly,"active_connections,messages_per_second,message_size",65,high,throttle
901,57,0.54147714966428,55,,,,,15.0,54.8,29113344,107273216,baseline,,,2026-10-05 03:03:59,anomaly,"active_connections,messages_per_second,message_size",65,high,throttle
902,57,0.54147714966428,55,,,,,14.2,55.2,29114368,107279360,baseline,,,2026-10-05 03:04:00,anomaly,"active_connections,messages_per_second,message_size",65,high,throttle
903,57,0.54147714966428,55,,,,,9.8,54.9,29116416,107286528,baseline,,,2026-10-05 03:04:01,anomaly,"active_connections,messages_per_second,message_size",65,high,throttle
904,57,0.54147714966428,55,,,,,13.1,54.7,29119488,107297792,baseline,,,2026-10-05 03:04:02,anomaly,"active_connections,messages_per_second,message_size",65,high,throttle
905,57,0.54147714966428,55,,,,,10.8,55.3,29121536,107311104,baseline,,,2026-10-05 03:04:03,anomaly,"active_connections,messages_per_second,message_size",65,high,throttle
906,57,0.54147714966428,55,,,,,3.4,54.9,29122560,107322368,baseline,,,2026-10-05 03:04:04,anomaly,"active_connections,messages_per_second,message_size",65,high,throttle
907,57,0.54147714966428,55,,,,,2.5,54.5,29123584,107335680,baseline,,,2026-10-05 03:04:05,anomaly,"active_connections,messages_per_second,message_size",65,high,throttle
908,57,0.54147714966428,55,,,,,8.3,54.5,29124608,107352064,baseline,,,2026-10-05 03:04:06,anomaly,"active_connections,messages_per_second,message_size",65,high,throttle
909,57,0.54147714966428,55,,,,,12.6,54.5,29126656,107363328,baseline,,,2026-10-05 03:04:07,anomaly,"active_connections,messages_per_second,message_size",65,high,throttle
910,57,0.54147714966428,55,,,,,11.3,54.5,29129728,107385856,baseline,,,2026-10-05 03:04:09,anomaly,"active_connections,messages_per_second,message_size",65,high,throttle
911,57,0.54147714966428,55,,,,,10.8,54.0,29131776,107399168,baseline,,,2026-10-05 03:04:10,anomaly,"active_connections,messages_per_second,message_size",65,high,throttle
912,57,0.54147714966428,55,,,,,7.8,54.4,29132800,107409408,baseline,,,2026-10-05 03:04:11,anomaly,"active_connections,messages_per_second,message_size",65,high,throttle
913,57,0.54147714966428,55,,,,,15.6,54.3,29133824,107422720,baseline,,,2026-10-05 03:04:12,anomaly,"active_connections,messages_per_second,message_size",65,high,throttle
914,57,0.54147714966428,55,,,,,6.5,54.6,29136896,107438080,baseline,,,2026-10-05 03:04:13,anomaly,"active_connections,messages_per_second,message_size",65,high,throttle
915,57,0.54147714966428,55,,,,,6.3,54.2,29137920,107444224,baseline,,,2026-10-05 03:04:14,anomaly,"active_connections,messages_per_second,message_size",65,high,throttle
916,57,0.54147714966428,55,,,,,6.8,54.2,29142016,107452416,baseline,,,2026-10-05 03:04:15,anomaly,"active_connections,messages_per_second,message_size",65,high,throttle
917,57,0.54147714966428,55,,,,,11.3,54.5,29164544,107475968,baseline,,,2026-10-05 03:04:16,anomaly,"active_connections,messages_per_second,message_size",65,high,throttle
918,57,0.54147714966428,55,,,,,12.3,54.4,29166592,107490304,baseline,,,2026-10-05 03:04:17,anomaly,"active_connections,messages_per_second,message_size",65,high,throttle
919,57,0.54147714966428,55,,,,,12.7,54.4,29167616,107502592,baseline,,,2026-10-05 03:04:18,anomaly,"active_connections,messages_per_second,message_size",65,high,throttle
920,57,0.54147714966428,55,,,,,7.9,54.4,29168640,107526144,baseline,,,2026-10-05 03:04:19,anomaly,"active_connections,messages_per_second,message_size",65,high,throttle
921,57,0.54147714966428,55,,,,,6.4,54.0,29170688,107537408,baseline,,,2026-10-05 03:04:20,anomaly,"active_connections,messages_per_second,message_size",65,high,throttle
922,57,0.54147714966428,55,,,,,26.2,54.8,29173760,107551744,baseline,,,2026-10-05 03:04:21,anomaly,"active_connections,messages_per_second,message_size,cpu_usage",70,high,throttle
923,57,0.54147714966428,55,,,,,8.3,55.5,29191168,107563008,baseline,,,2026-10-05 03:04:22,anomaly,"active_connections,messages_per_second,message_size",65,high,throttle
924,57,0.54147714966428,55,,,,,10.8,55.5,29224960,107598848,baseline,,,2026-10-05 03:04:24,anomaly,"active_connections,messages_per_second,message_size",65,high,throttle
925,57,0.54147714966428,55,,,,,6.5,54.9,29247488,107661312,baseline,,,2026-10-05 03:04:25,anomaly,"active_connections,messages_per_second,message_size",65,high,throttle
926,57,0.54147714966428,55,,,,,10.7,54.1,29248512,107671552,baseline,,,2026-10-05 03:04:26,anomaly,"active_connections,messages_per_second,message_size",65,high,throttle
927,57,0.54147714966428,55,,,,,15.7,54.4,29249536,107687936,baseline,,,2026-10-05 03:04:27,anomaly,"active_connections,messages_per_second,message_size",65,high,throttle
928,57,0.54147714966428,55,,,,,20.3,54.4,29251584,107699200,baseline,,,2026-10-05 03:04:28,anomaly,"active_connections,messages_per_second,message_size",65,high,throttle
929,57,0.54147714966428,55,,,,,15.9,54.3,29253632,107714560,baseline,,,2026-10-05 03:04:29,anomaly,"active_connections,messages_per_second,message_size",65,high,throttle
930,57,0.54147714966428,55,,,,,19.1,54.3,29293568,107744256,baseline,,,2026-10-05 03:04:30,anomaly,"active_connections,messages_per_second,message_size",65,high,throttle
931,57,0.54147714966428,55,,,,,9.3,54.8,29295616,107772928,baseline,,,2026-10-05 03:04:31,anomaly,"active_connections,messages_per_second,message_size",65,high,throttle
932,57,0.54147714966428,55,,,,,14.6,54.5,29319168,107797504,baseline,,,2026-10-05 03:04:32,anomaly,"active_connections,messages_per_second,message_size",65,high,throttle
933,57,0.54147714966428,55,,,,,7.6,54.7,29323264,107808768,baseline,,,2026-10-05 03:04:33,anomaly,"active_connections,messages_per_second,message_size",65,high,throttle
934,57,0.54147714966428,55,,,,,2.9,54.7,29324288,107823104,baseline,,,2026-10-05 03:04:34,anomaly,"active_connections,messages_per_second,message_size",65,high,throttle
935,57,0.54147714966428,55,,,,,8.9,54.3,29327360,107836416,baseline,,,2026-10-05 03:04:35,anomaly,"active_connections,messages_per_second,message_size",65,high,throttle
936,57,0.54147714966428,55,,,,,7.3,55.1,29381632,107854848,baseline,,,2026-10-05 03:04:36,anomaly,"active_connections,messages_per_second,message_size",65,high,throttle
937,57,0.54147714966428,55,,,,,13.9,54.9,29386752,107869184,baseline,,,2026-10-05 03:04:38,anomaly,"active_connections,messages_per_second,message_size",65,high,throttle
938,57,0.54147714966428,55,,,,,11.3,54.7,29393920,107885568,baseline,,,2026-10-05 03:04:39,anomaly,"active_connections,messages_per_second,message_size",65,high,throttle
939,57,0.54147714966428,55,,,,,12.2,54.6,29396992,107892736,baseline,,,2026-10-05 03:04:40,anomaly,"active_connections,messages_per_second,message_size",65,high,throttle
940,57,0.54147714966428,55,,,,,19.1,55.1,29428736,107908096,baseline,,,2026-10-05 03:04:41,anomaly,"active_connections,messages_per_second,message_size",65,high,throttle
941,57,0.54147714966428,55,,,,,4.9,54.6,29430784,107918336,baseline,,,2026-10-05 03:04:42,anomaly,"active_connections,messages_per_second,message_size",65,high,throttle
942,57,0.54147714966428,55,,,,,5.5,54.9,29433856,107934720,baseline,,,2026-10-05 03:04:43,anomaly,"active_connections,messages_per_second,message_size",65,high,throttle
943,57,0.54147714966428,55,,,,,6.8,54.8,29442048,107948032,baseline,,,2026-10-05 03:04:44,anomaly,"active_connections,messages_per_second,message_size",65,high,throttle
944,57,0.54147714966428,55,,,,,7.8,53.7,29446144,107957248,baseline,,,2026-10-05 03:04:45,anomaly,"active_connections,messages_per_second,message_size",65,high,throttle
945,57,0.54147714966428,55,,,,,7.2,54.6,29447168,107964416,baseline,,,2026-10-05 03:04:46,anomaly,"active_connections,messages_per_second,message_size",65,high,throttle
946,57,0.54147714966428,55,,,,,6.9,53.9,29448192,107973632,baseline,,,2026-10-05 03:04:47,anomaly,"active_connections,messages_per_second,message_size",65,high,throttle
947,57,0.54147714966428,55,,,,,10.9,54.5,29449216,107982848,baseline,,,2026-10-05 03:04:48,anomaly,"active_connections,messages_per_second,message_size",65,high,throttle
948,57,0.54147714966428,55,,,,,9.4,54.0,29452288,107991040,baseline,,,2026-10-05 03:04:49,anomaly,"active_connections,messages_per_second,message_size",65,high,throttle
949,57,0.54147714966428,55,,,,,7.2,53.6,29453312,107997184,baseline,,,2026-10-05 03:04:50,anomaly,"active_connections,messages_per_second,message_size",65,high,throttle
950,57,0.54147714966428,55,,,,,7.9,55.4,29454336,108006400,baseline,,,2026-10-05 03:04:51,anomaly,"active_connections,messages_per_second,message_size",65,high,throttle
951,57,0.54147714966428,55,,,,,7.7,55.1,29456384,108010496,baseline,,,2026-10-05 03:04:53,anomaly,"active_connections,messages_per_second,message_size",65,high,throttle
952,57,0.54147714966428,55,,,,,9.2,54.2,29458432,108021760,baseline,,,2026-10-05 03:04:54,anomaly,"active_connections,messages_per_second,message_size",65,high,throttle
953,57,0.54147714966428,55,,,,,8.5,54.8,29461504,108032000,baseline,,,2026-10-05 03:04:55,anomaly,"active_connections,messages_per_second,message_size",65,high,throttle
954,57,0.54147714966428,55,,,,,5.9,54.1,29462528,108041216,baseline,,,2026-10-05 03:04:56,anomaly,"active_connections,messages_per_second,message_size",65,high,throttle
955,57,0.54147714966428,55,,,,,8.7,53.7,29470720,108050432,baseline,,,2026-10-05 03:04:57,anomaly,"active_connections,messages_per_second,message_size",65,high,throttle
956,57,0.54147714966428,55,,,,,11.5,53.5,29471744,108058624,baseline,,,2026-10-05 03:04:58,anomaly,"active_connections,messages_per_second,message_size",65,high,throttle
957,57,0.54147714966428,55,,,,,6.5,53.5,29473792,108068864,baseline,,,2026-10-05 03:04:59,anomaly,"active_connections,messages_per_second,message_size",65,high,throttle
958,57,0.54147714966428,55,,,,,7.0,53.9,29474816,108071936,baseline,,,2026-10-05 03:05:00,anomaly,"active_connections,messages_per_second,message_size",65,high,throttle
959,57,0.54147714966428,55,,,,,5.3,54.3,29475840,108081152,baseline,,,2026-10-05 03:05:01,anomaly,"active_connections,messages_per_second,message_size",65,high,throttle
960,57,0.54147714966428,55,,,,,2.0,53.8,29477888,108088320,baseline,,,2026-10-05 03:05:02,anomaly,"active_connections,messages_per_second,message_size",65,high,throttle
961,57,0.54147714966428,55,,,,,3.8,55.0,29481984,108102656,baseline,,,2026-10-05 03:05:03,anomaly,"active_connections,messages_per_second,message_size",65,high,throttle
962,57,0.54147714966428,55,,,,,2.9,54.1,29483008,108106752,baseline,,,2026-10-05 03:05:04,anomaly,"active_connections,messages_per_second,message_size",65,high,throttle
963,57,0.54147714966428,55,,,,,6.3,54.7,29484032,108114944,baseline,,,2026-10-05 03:05:05,anomaly,"active_connections,messages_per_second,message_size",65,high,throttle
964,57,0.54147714966428,55,,,,,10.1,54.6,29485056,108123136,baseline,,,2026-10-05 03:05:06,anomaly,"active_connections,messages_per_second,message_size",65,high,throttle
965,57,0.54147714966428,55,,,,,11.3,54.5,29486080,108132352,baseline,,,2026-10-05 03:05:08,anomaly,"active_connections,messages_per_second,message_size",65,high,throttle
966,57,0.54147714966428,55,,,,,6.4,53.9,29489152,108150784,baseline,,,2026-10-05 03:05:09,anomaly,"active_connections,messages_per_second,message_size",65,high,throttle
967,57,0.54147714966428,55,,,,,5.3,53.7,29491200,108163072,baseline,,,2026-10-05 03:05:10,anomaly,"active_connections,messages_per_second,message_size",65,high,throttle
968,57,0.54147714966428,55,,,,,5.9,53.9,29492224,108173312,baseline,,,2026-10-05 03:05:11,anomaly,"active_connections,messages_per_second,message_size",65,high,throttle
969,57,0.54147714966428,55,,,,,1.5,54.5,29493248,108179456,baseline,,,2026-10-05 03:05:12,anomaly,"active_connections,messages_per_second,message_size",65,high,throttle
970,57,0.54147714966428,55,,,,,12.2,54.8,29494272,108184576,baseline,,,2026-10-05 03:05:13,anomaly,"active_connections,messages_per_second,message_size",65,high,throttle
971,57,0.54147714966428,55,,,,,10.8,54.9,29496320,108186624,baseline,,,2026-10-05 03:05:14,anomaly,"active_connections,messages_per_second,message_size",65,high,throttle
972,57,0.54147714966428,55,,,,,13.4,54.7,29500416,108191744,baseline,,,2026-10-05 03:05:15,anomaly,"active_connections,messages_per_second,message_size",65,high,throttle
973,57,0.54147714966428,55,,,,,9.0,54.0,29501440,108196864,baseline,,,2026-10-05 03:05:16,anomaly,"active_connections,messages_per_second,message_size",65,high,throttle
974,57,0.54147714966428,55,,,,,18.1,54.6,29520896,108214272,baseline,,,2026-10-05 03:05:17,anomaly,"active_connections,messages_per_second,message_size",65,high,throttle
975,57,0.54147714966428,55,,,,,8.8,54.5,29522944,108221440,baseline,,,2026-10-05 03:05:18,anomaly,"active_connections,messages_per_second,message_size",65,high,throttle
976,57,0.54147714966428,55,,,,,6.3,54.4,29523968,108222464,baseline,,,2026-10-05 03:05:19,anomaly,"active_connections,messages_per_second,message_size",65,high,throttle
977,57,0.54147714966428,55,,,,,2.4,54.0,29524992,108223488,baseline,,,2026-10-05 03:05:20,anomaly,"active_connections,messages_per_second,message_size",65,high,throttle
978,57,0.54147714966428,55,,,,,5.4,54.4,29526016,108224512,baseline,,,2026-10-05 03:05:21,anomaly,"active_connections,messages_per_second,message_size",65,high,throttle
979,57,0.54147714966428,55,,,,,18.2,55.2,29534208,108235776,baseline,,,2026-10-05 03:05:22,anomaly,"active_connections,messages_per_second,message_size",65,high,throttle
980,57,0.54147714966428,55,,,,,7.8,55.5,29536256,108241920,baseline,,,2026-10-05 03:05:24,anomaly,"active_connections,messages_per_second,message_size",65,high,throttle
981,57,0.54147714966428,55,,,,,10.9,55.0,29545472,108248064,baseline,,,2026-10-05 03:05:25,anomaly,"active_connections,messages_per_second,message_size",65,high,throttle
982,57,0.54147714966428,55,,,,,6.9,54.1,29546496,108249088,baseline,,,2026-10-05 03:05:26,anomaly,"active_connections,messages_per_second,message_size",65,high,throttle
983,57,0.54147714966428,55,,,,,7.8,53.9,29547520,108253184,baseline,,,2026-10-05 03:05:27,anomaly,"active_connections,messages_per_second,message_size",65,high,throttle
984,57,0.54147714966428,55,,,,,8.9,55.1,29560832,108257280,baseline,,,2026-10-05 03:05:28,anomaly,"active_connections,messages_per_second,message_size",65,high,throttle
985,57,0.54147714966428,55,,,,,4.9,55.0,29561856,108262400,baseline,,,2026-10-05 03:05:29,anomaly,"active_connections,messages_per_second,message_size",65,high,throttle
986,57,0.54147714966428,55,,,,,7.8,54.9,29570048,108365824,baseline,,,2026-10-05 03:05:30,anomaly,"active_connections,messages_per_second,message_size",65,high,throttle
987,57,0.54147714966428,55,,,,,7.3,54.8,29571072,108366848,baseline,,,2026-10-05 03:05:31,anomaly,"active_connections,messages_per_second,message_size",65,high,throttle
988,57,0.54147714966428,55,,,,,10.7,54.2,29572096,108367872,baseline,,,2026-10-05 03:05:32,anomaly,"active_connections,messages_per_second,message_size",65,high,throttle
989,57,0.54147714966428,55,,,,,25.9,55.1,29588480,108376064,baseline,,,2026-10-05 03:05:33,anomaly,"active_connections,messages_per_second,message_size,cpu_usage",70,high,throttle
990,57,0.54147714966428,55,,,,,11.9,54.9,29593600,108381184,baseline,,,2026-10-05 03:05:34,anomaly,"active_connections,messages_per_second,message_size",65,high,throttle
991,57,0.54147714966428,55,,,,,11.8,54.4,29595648,108383232,baseline,,,2026-10-05 03:05:35,anomaly,"active_connections,messages_per_second,message_size",65,high,throttle
992,57,0.54147714966428,55,,,,,10.4,54.7,29606912,108395520,baseline,,,2026-10-05 03:05:36,anomaly,"active_connections,messages_per_second,message_size",65,high,throttle
993,58,0.54147714966428,55,,,,,9.5,55.3,29641728,108431360,baseline,,,2026-10-05 03:05:38,anomaly,"active_connections,messages_per_second,message_size",65,high,throttle
994,58,0.54147714966428,55,,,,,4.9,54.8,29645824,108436480,baseline,,,2026-10-05 03:05:39,anomaly,"active_connections,messages_per_second,message_size",65,high,throttle
995,58,0.54147714966428,55,,,,,5.9,54.8,29648896,108444672,baseline,,,2026-10-05 03:05:40,anomaly,"active_connections,messages_per_second,message_size",65,high,throttle
996,58,0.54147714966428,55,,,,,6.3,54.8,29670400,108466176,baseline,,,2026-10-05 03:05:41,anomaly,"active_connections,messages_per_second,message_size",65,high,throttle
997,58,0.54147714966428,55,,,,,8.3,54.7,29685760,108485632,baseline,,,2026-10-05 03:05:42,anomaly,"active_connections,messages_per_second,message_size",65,high,throttle
998,59,0.54147714966428,55,,,,,24.1,55.2,29722624,108526592,baseline,,,2026-10-05 03:05:43,anomaly,"active_connections,messages_per_second,message_size,cpu_usage",70,high,throttle
999,59,0.54147714966428,55,,,,,15.3,55.2,29730816,108537856,baseline,,,2026-10-05 03:05:44,anomaly,"active_connections,messages_per_second,message_size",65,high,throttle
1000,60,0.54147714966428,55,,,,,9.7,55.2,29771776,108587008,baseline,,,2026-10-05 03:05:45,anomaly,"active_connections,messages_per_second,message_size",65,high,throttle
1001,60,0.54147714966428,55,,,,,11.1,55.4,29773824,108592128,baseline,,,2026-10-05 03:05:46,anomaly,"active_connections,messages_per_second,message_size",65,high,throttle
1002,60,0.54147714966428,55,,,,,16.7,55.2,29777920,108600320,baseline,,,2026-10-05 03:05:47,anomaly,"active_connections,messages_per_second,message_size",65,high,throttle
1003,60,0.54147714966428,55,,,,,3.4,55.1,29783040,108608512,baseline,,,2026-10-05 03:05:48,anomaly,"active_connections,messages_per_second,message_size",65,high,throttle
1004,60,0.54147714966428,55,,,,,2.0,54.8,29784064,108610560,baseline,,,2026-10-05 03:05:49,anomaly,"active_connections,messages_per_second,message_size",65,high,throttle
1005,60,0.54147714966428,55,,,,,1.5,54.4,29788160,108614656,baseline,,,2026-10-05 03:05:50,anomaly,"active_connections,messages_per_second,message_size",65,high,throttle
1006,60,0.54147714966428,55,,,,,6.4,54.2,29790208,108620800,baseline,,,2026-10-05 03:05:51,anomaly,"active_connections,messages_per_second,message_size",65,high,throttle
1007,60,0.54147714966428,55,,,,,17.0,54.1,29818880,108660736,baseline,,,2026-10-05 03:05:53,anomaly,"active_connections,messages_per_second,message_size",65,high,throttle
1008,60,0.54147714966428,55,,,,,12.1,54.8,29819904,108666880,baseline,,,2026-10-05 03:05:54,anomaly,"active_connections,messages_per_second,message_size",65,high,throttle
1009,60,0.54147714966428,55,,,,,8.4,54.7,29826048,108684288,baseline,,,2026-10-05 03:05:55,anomaly,"active_connections,messages_per_second,message_size",65,high,throttle
1010,60,0.54147714966428,55,,,,,5.9,54.8,29831168,108692480,baseline,,,2026-10-05 03:05:56,anomaly,"active_connections,messages_per_second,message_size",65,high,throttle
1011,60,0.54147714966428,55,,,,,4.9,54.8,29832192,108695552,baseline,,,2026-10-05 03:05:57,anomaly,"active_connections,messages_per_second,message_size",65,high,throttle
1012,60,0.54147714966428,55,,,,,13.6,54.2,29836288,108699648,baseline,,,2026-10-05 03:05:58,anomaly,"active_connections,messages_per_second,message_size",65,high,throttle
1013,60,0.54147714966428,55,,,,,8.7,55.3,29838336,108704768,baseline,,,2026-10-05 03:05:59,anomaly,"active_connections,messages_per_second,message_size",65,high,throttle
1014,60,0.54147714966428,55,,,,,2.0,54.7,29842432,108708864,baseline,,,2026-10-05 03:06:00,anomaly,"active_connections,messages_per_second,message_size",65,high,throttle
1015,60,0.54147714966428,55,,,,,3.0,54.1,29843456,108709888,baseline,,,2026-10-05 03:06:01,anomaly,"active_connections,messages_per_second,message_size",65,high,throttle
1016,60,0.54147714966428,55,,,,,7.3,53.9,29848576,108717056,baseline,,,2026-10-05 03:06:02,anomaly,"active_connections,messages_per_second,message_size",65,high,throttle
1017,60,0.54147714966428,55,,,,,16.1,54.6,29850624,108721152,baseline,,,2026-10-05 03:06:03,anomaly,"active_connections,messages_per_second,message_size",65,high,throttle
1018,60,0.54147714966428,55,,,,,8.8,54.6,29854720,108726272,baseline,,,2026-10-05 03:06:04,anomaly,"active_connections,messages_per_second,message_size",65,high,throttle
1019,60,0.54147714966428,55,,,,,6.2,54.1,29856768,108728320,baseline,,,2026-10-05 03:06:05,anomaly,"active_connections,messages_per_second,message_size",65,high,throttle
1020,60,0.54147714966428,55,,,,,4.5,54.4,29860864,108734464,baseline,,,2026-10-05 03:06:06,anomaly,"active_connections,messages_per_second,message_size",65,high,throttle
1021,60,0.54147714966428,55,,,,,3.0,55.1,29862912,108736512,baseline,,,2026-10-05 03:06:07,anomaly,"active_connections,messages_per_second,message_size",65,high,throttle
1022,60,0.54147714966428,55,,,,,2.4,54.3,29867008,108740608,baseline,,,2026-10-05 03:06:09,anomaly,"active_connections,messages_per_second,message_size",65,high,throttle
1023,60,0.54147714966428,55,,,,,5.9,54.0,29869056,108743680,baseline,,,2026-10-05 03:06:10,anomaly,"active_connections,messages_per_second,message_size",65,high,throttle
1024,60,0.54147714966428,55,,,,,11.8,53.8,29873152,108747776,baseline,,,2026-10-05 03:06:11,anomaly,"active_connections,messages_per_second,message_size",65,high,throttle
1025,60,0.54147714966428,55,,,,,11.4,54.4,29879296,108755968,baseline,,,2026-10-05 03:06:12,anomaly,"active_connections,messages_per_second,message_size",65,high,throttle
1026,60,0.54147714966428,55,,,,,12.6,55.0,29880320,108756992,baseline,,,2026-10-05 03:06:13,anomaly,"active_connections,messages_per_second,message_size",65,high,throttle
1027,60,0.54147714966428,55,,,,,9.3,54.5,29884416,108761088,baseline,,,2026-10-05 03:06:14,anomaly,"active_connections,messages_per_second,message_size",65,high,throttle
1028,60,0.54147714966428,55,,,,,3.9,54.9,29885440,108765184,baseline,,,2026-10-05 03:06:15,anomaly,"active_connections,messages_per_second,message_size",65,high,throttle
1029,60,0.54147714966428,55,,,,,0.5,54.7,29893632,108775424,baseline,,,2026-10-05 03:06:16,anomaly,"active_connections,messages_per_second,message_size",65,high,throttle
1030,60,0.54147714966428,55,,,,,4.5,54.1,29905920,108782592,baseline,,,2026-10-05 03:06:17,anomaly,"active_connections,messages_per_second,message_size",65,high,throttle
1031,60,0.54147714966428,55,,,,,10.3,54.9,29910016,108795904,baseline,,,2026-10-05 03:06:18,anomaly,"active_connections,messages_per_second,message_size",65,high,throttle
1032,60,0.54147714966428,55,,,,,11.7,54.8,29912064,108802048,baseline,,,2026-10-05 03:06:19,anomaly,"active_connections,messages_per_second,message_size",65,high,throttle
1033,60,0.54147714966428,55,,,,,9.5,55.3,29917184,108811264,baseline,,,2026-10-05 03:06:20,anomaly,"active_connections,messages_per_second,message_size",65,high,throttle
1034,60,0.54147714966428,55,,,,,11.3,55.1,29919232,108815360,baseline,,,2026-10-05 03:06:21,anomaly,"active_connections,messages_per_second,message_size",65,high,throttle
1035,60,0.54147714966428,55,,,,,7.8,55.5,29934592,108825600,baseline,,,2026-10-05 03:06:22,anomaly,"active_connections,messages_per_second,message_size",65,high,throttle
1036,60,0.54147714966428,55,,,,,11.3,55.4,29952000,108834816,baseline,,,2026-10-05 03:06:24,anomaly,"active_connections,messages_per_second,message_size",65,high,throttle
1037,60,0.54147714966428,55,,,,,10.0,55.2,29959168,108843008,baseline,,,2026-10-05 03:06:25,anomaly,"active_connections,messages_per_second,message_size",65,high,throttle
1038,60,0.54147714966428,55,,,,,16.0,55.0,29968384,108852224,baseline,,,2026-10-05 03:06:26,anomaly,"active_connections,messages_per_second,message_size",65,high,throttle
1039,61,0.54147714966428,55,,,,,26.0,55.3,29991936,108875776,baseline,,,2026-10-05 03:06:27,anomaly,"active_connections,messages_per_second,message_size,cpu_usage",70,high,throttle
1040,61,0.54147714966428,55,,,,,23.9,55.3,30018560,108906496,baseline,,,2026-10-05 03:06:28,anomaly,"active_connections,messages_per_second,message_size,cpu_usage",70,high,throttle
1041,62,0.54147714966428,55,,,,,12.1,55.3,30054400,108942336,baseline,,,2026-10-05 03:06:29,anomaly,"active_connections,messages_per_second,message_size",65,high,throttle
1042,62,0.54147714966428,55,,,,,8.2,55.3,30069760,108957696,baseline,,,2026-10-05 03:06:30,anomaly,"active_connections,messages_per_second,message_size",65,high,throttle
1043,62,0.54147714966428,55,,,,,9.5,55.0,30077952,108974080,baseline,,,2026-10-05 03:06:31,anomaly,"active_connections,messages_per_second,message_size",65,high,throttle
1044,63,0.54147714966428,55,,,,,3.0,55.3,30126080,109012992,baseline,,,2026-10-05 03:06:32,anomaly,"active_connections,messages_per_second,message_size",65,high,throttle
1045,63,0.54147714966428,55,,,,,5.0,55.3,30129152,109020160,baseline,,,2026-10-05 03:06:33,anomaly,"active_connections,messages_per_second,message_size",65,high,throttle
1046,63,0.54147714966428,55,,,,,4.4,55.4,30142464,109024256,baseline,,,2026-10-05 03:06:34,anomaly,"active_connections,messages_per_second,message_size",65,high,throttle
1047,63,0.54147714966428,55,,,,,7.4,54.9,30146560,109029376,baseline,,,2026-10-05 03:06:35,anomaly,"active_connections,messages_per_second,message_size",65,high,throttle
1048,63,0.54147714966428,55,,,,,11.2,55.5,30164992,109046784,baseline,,,2026-10-05 03:06:36,anomaly,"active_connections,messages_per_second,message_size",65,high,throttle
1049,63,0.54147714966428,55,,,,,13.2,55.1,30178304,109062144,baseline,,,2026-10-05 03:06:37,anomaly,"active_connections,messages_per_second,message_size",65,high,throttle
1050,63,0.54147714966428,55,,,,,10.1,55.1,30185472,109074432,baseline,,,2026-10-05 03:06:38,anomaly,"active_connections,messages_per_second,message_size",65,high,throttle
1051,64,0.54147714966428,55,,,,,10.3,55.4,30229504,109118464,baseline,,,2026-10-05 03:06:40,anomaly,"active_connections,messages_per_second,message_size",65,high,throttle
1052,64,0.54147714966428,55,,,,,6.7,55.1,30242816,109132800,baseline,,,2026-10-05 03:06:41,anomaly,"active_connections,messages_per_second,message_size",65,high,throttle
1053,65,0.54147714966428,55,,,,,19.1,54.8,30259200,109149184,baseline,,,2026-10-05 03:06:42,anomaly,"active_connections,messages_per_second,message_size",65,high,throttle
1054,66,0.54147714966428,55,,,,,16.6,55.2,30326784,109223936,baseline,,,2026-10-05 03:06:43,anomaly,"active_connections,messages_per_second,message_size",65,high,throttle
1055,66,0.54147714966428,55,,,,,6.4,55.6,30354432,109252608,baseline,,,2026-10-05 03:06:44,anomaly,"active_connections,messages_per_second,message_size",65,high,throttle
1056,66,0.54147714966428,55,,,,,7.8,55.7,30356480,109254656,baseline,,,2026-10-05 03:06:45,anomaly,"active_connections,messages_per_second,message_size",65,high,throttle
1057,66,0.54147714966428,55,,,,,17.2,55.4,30361600,109263872,baseline,,,2026-10-05 03:06:46,anomaly,"active_connections,messages_per_second,message_size",65,high,throttle
1058,66,0.54147714966428,55,,,,,15.6,55.3,30362624,109264896,baseline,,,2026-10-05 03:06:47,anomaly,"active_connections,messages_per_second,message_size",65,high,throttle
1059,66,0.54147714966428,55,,,,,10.8,55.1,30366720,109271040,baseline,,,2026-10-05 03:06:48,anomaly,"active_connections,messages_per_second,message_size",65,high,throttle
1060,66,0.54147714966428,55,,,,,8.8,55.5,30368768,109277184,baseline,,,2026-10-05 03:06:49,anomaly,"active_connections,messages_per_second,message_size",65,high,throttle
1061,66,0.54147714966428,55,,,,,6.3,54.7,30373888,109282304,baseline,,,2026-10-05 03:06:50,anomaly,"active_connections,messages_per_second,message_size",65,high,throttle
1062,66,0.54147714966428,55,,,,,1.9,54.7,30374912,109284352,baseline,,,2026-10-05 03:06:51,anomaly,"active_connections,messages_per_second,message_size",65,high,throttle
1063,66,0.54147714966428,55,,,,,6.2,54.7,30379008,109291520,baseline,,,2026-10-05 03:06:52,anomaly,"active_connections,messages_per_second,message_size",65,high,throttle
1064,66,0.54147714966428,55,,,,,8.4,54.6,30382080,109297664,baseline,,,2026-10-05 03:06:53,anomaly,"active_connections,messages_per_second,message_size",65,high,throttle
1065,66,0.54147714966428,55,,,,,27.1,54.6,30386176,109301760,baseline,,,2026-10-05 03:06:55,anomaly,"active_connections,messages_per_second,message_size,cpu_usage",70,high,throttle
1066,66,0.54147714966428,55,,,,,14.4,55.1,30392320,109308928,baseline,,,2026-10-05 03:06:56,anomaly,"active_connections,messages_per_second,message_size",65,high,throttle
1067,66,0.54147714966428,55,,,,,8.3,55.0,30405632,109317120,baseline,,,2026-10-05 03:06:57,anomaly,"active_connections,messages_per_second,message_size",65,high,throttle
1068,66,0.54147714966428,55,,,,,8.8,54.1,30411776,109326336,baseline,,,2026-10-05 03:06:58,anomaly,"active_connections,messages_per_second,message_size",65,high,throttle
1069,66,0.54147714966428,55,,,,,9.3,55.1,30412800,109329408,baseline,,,2026-10-05 03:06:59,anomaly,"active_connections,messages_per_second,message_size",65,high,throttle
1070,66,0.54147714966428,55,,,,,2.0,55.1,30418944,109336576,baseline,,,2026-10-05 03:07:00,anomaly,"active_connections,messages_per_second,message_size",65,high,throttle
1071,66,0.54147714966428,55,,,,,6.3,54.6,30419968,109338624,baseline,,,2026-10-05 03:07:01,anomaly,"active_connections,messages_per_second,message_size",65,high,throttle
1072,66,0.54147714966428,55,,,,,23.0,54.3,30427136,109356032,baseline,,,2026-10-05 03:07:02,anomaly,"active_connections,messages_per_second,message_size,cpu_usage",70,high,throttle
1073,66,0.54147714966428,55,,,,,30.4,55.2,30430208,109361152,baseline,,,2026-10-05 03:07:03,anomaly,"active_connections,messages_per_second,message_size,cpu_usage",70,high,throttle
1074,66,0.54147714966428,55,,,,,11.7,55.3,30445568,109370368,baseline,,,2026-10-05 03:07:04,anomaly,"active_connections,messages_per_second,message_size",65,high,throttle
1075,66,0.54147714966428,55,,,,,8.3,54.4,30446592,109372416,baseline,,,2026-10-05 03:07:05,anomaly,"active_connections,messages_per_second,message_size",65,high,throttle
1076,66,0.54147714966428,55,,,,,24.1,54.7,30451712,109377536,baseline,,,2026-10-05 03:07:06,anomaly,"active_connections,messages_per_second,message_size,cpu_usage",70,high,throttle
1077,66,0.54147714966428,55,,,,,8.9,55.3,30469120,109384704,baseline,,,2026-10-05 03:07:07,anomaly,"active_connections,messages_per_second,message_size",65,high,throttle
1078,66,0.54147714966428,55,,,,,15.8,55.0,30480384,109398016,baseline,,,2026-10-05 03:07:09,anomaly,"active_connections,messages_per_second,message_size",65,high,throttle
1079,66,0.54147714966428,55,,,,,33.5,55.4,30489600,109403136,baseline,,,2026-10-05 03:07:10,anomaly,"active_connections,messages_per_second,message_size,cpu_usage",70,high,throttle
1080,67,0.54147714966428,55,,,,,22.1,55.3,30527488,109446144,baseline,,,2026-10-05 03:07:11,anomaly,"active_connections,messages_per_second,message_size",65,high,throttle
1081,67,0.54147714966428,55,,,,,11.2,55.4,30529536,109451264,baseline,,,2026-10-05 03:07:12,anomaly,"active_connections,messages_per_second,message_size",65,high,throttle
1082,67,0.54147714966428,55,,,,,15.4,55.4,30533632,109455360,baseline,,,2026-10-05 03:07:13,anomaly,"active_connections,messages_per_second,message_size",65,high,throttle
1083,67,0.54147714966428,55,,,,,10.2,55.0,30534656,109456384,baseline,,,2026-10-05 03:07:14,anomaly,"active_connections,messages_per_second,message_size",65,high,throttle
1084,67,0.54147714966428,55,,,,,6.8,54.4,30539776,109461504,baseline,,,2026-10-05 03:07:15,anomaly,"active_connections,messages_per_second,message_size",65,high,throttle
1085,67,0.54147714966428,55,,,,,3.9,54.3,30540800,109462528,baseline,,,2026-10-05 03:07:16,anomaly,"active_connections,messages_per_second,message_size",65,high,throttle
1086,67,0.54147714966428,55,,,,,1.5,54.2,30545920,109468672,baseline,,,2026-10-05 03:07:17,anomaly,"active_connections,messages_per_second,message_size",65,high,throttle
1087,67,0.54147714966428,55,,,,,1.5,54.7,30569472,109495296,baseline,,,2026-10-05 03:07:18,anomaly,"active_connections,messages_per_second,message_size",65,high,throttle
1088,67,0.54147714966428,55,,,,,5.0,54.7,30573568,109500416,baseline,,,2026-10-05 03:07:19,anomaly,"active_connections,messages_per_second,message_size",65,high,throttle
1089,67,0.54147714966428,55,,,,,7.7,54.6,30575616,109505536,baseline,,,2026-10-05 03:07:20,anomaly,"active_connections,messages_per_second,message_size",65,high,throttle
1090,67,0.54147714966428,55,,,,,11.7,54.1,30580736,109511680,baseline,,,2026-10-05 03:07:21,anomaly,"active_connections,messages_per_second,message_size",65,high,throttle
